[{"name":"Wood Plank","value":"eyJ0ZXh0dXJlcyI6eyJTS0lOIjp7InVybCI6Imh0dHA6Ly90ZXh0dXJlcy5taW5lY3JhZnQubmV0L3RleHR1cmUvYTBlOWQyYmViODRiMzJlM2YxNWUzODBjYzJjNTUxMDY0MjkxMWE1MTIxMDVmYTJlYzY3OWJjNTQwZmQ4MTg0In19fQ\u003d\u003d","skullowner":"01e7a0b0-cd34-44fa-9090-eeed6f93ccec"},{"name":"Podzol","value":"eyJ0ZXh0dXJlcyI6eyJTS0lOIjp7InVybCI6Imh0dHA6Ly90ZXh0dXJlcy5taW5lY3JhZnQubmV0L3RleHR1cmUvYTQxOTVmOWE0MzljNmQwZmZkMTk2MTY1N2Y2ZjBhYThlM2EyZjhhMjQ5M2FmYTY2MmFiNWU0MTkzZTAifX19","skullowner":"27743c84-c5fa-4334-848b-c2fd293f23f8"},{"name":"Grass","value":"eyJ0ZXh0dXJlcyI6eyJTS0lOIjp7InVybCI6Imh0dHA6Ly90ZXh0dXJlcy5taW5lY3JhZnQubmV0L3RleHR1cmUvMzQ5YzYzYmM1MDg3MjMzMjhhMTllNTk3ZjQwODYyZDI3YWQ1YzFkNTQ1NjYzYWMyNDQ2NjU4MmY1NjhkOSJ9fX0\u003d","skullowner":"fe02ba7c-6fb4-458d-af7d-85a72a7e8163"},{"name":"Snow Grass","value":"eyJ0ZXh0dXJlcyI6eyJTS0lOIjp7InVybCI6Imh0dHA6Ly90ZXh0dXJlcy5taW5lY3JhZnQubmV0L3RleHR1cmUvNDNjNTJlYWU3NDdjYWQ1YjRmZDE5YjFhMjNiMzlhMzM2YjYyZWQ0MjI3OTdhNjIyZDA0NWY0M2U1ZDM4In19fQ\u003d\u003d","skullowner":"7a419c21-9074-43b7-a443-df76fd56a2c6"},{"name":"Dirt","value":"eyJ0ZXh0dXJlcyI6eyJTS0lOIjp7InVybCI6Imh0dHA6Ly90ZXh0dXJlcy5taW5lY3JhZnQubmV0L3RleHR1cmUvMWFiNDNiOGMzZDM0ZjEyNWU1YTNmOGI5MmNkNDNkZmQxNGM2MjQwMmMzMzI5ODQ2MWQ0ZDRkN2NlMmQzYWVhIn19fQ\u003d\u003d","skullowner":"ca021f3f-5002-46b2-bf34-9857790901cf"},{"name":"Mycellium","value":"eyJ0ZXh0dXJlcyI6eyJTS0lOIjp7InVybCI6Imh0dHA6Ly90ZXh0dXJlcy5taW5lY3JhZnQubmV0L3RleHR1cmUvN2ViNGM0MWY0ODFlODE2Y2Y0YjUwN2IwYTE3NTk1ZjJiYTFmMjQ2NjRkYzQzMmJlMzQ3ZDRlN2E0ZWIzIn19fQ\u003d\u003d","skullowner":"359b3739-61e7-4d35-b9d8-5f6b663ed0ea"},{"name":"Red Sand","value":"eyJ0ZXh0dXJlcyI6eyJTS0lOIjp7InVybCI6Imh0dHA6Ly90ZXh0dXJlcy5taW5lY3JhZnQubmV0L3RleHR1cmUvNGNlNDFlNjg3OWRmZjA3ODVkMTRjYjc2OTRlYTZiMGRmMTkyYjk2Yjg4MTYwMTNlYjQ1NWU3MTU1MmZjZTZhIn19fQ\u003d\u003d","skullowner":"0e33173e-1e75-4207-9484-8ecbe3a2d458"},{"name":"Sand","value":"eyJ0ZXh0dXJlcyI6eyJTS0lOIjp7InVybCI6Imh0dHA6Ly90ZXh0dXJlcy5taW5lY3JhZnQubmV0L3RleHR1cmUvZDdkN2Q3MmU3OGYzNWRlY2QyYjA4ZWE5Yjc0NzkwZTVjZDdlMjY0ODRjZjI0NDliZGVjYTRmNzhiYTMifX19","skullowner":"318fe287-3b79-467b-a29e-8cec142a0f7a"},{"name":"Soulsand","value":"eyJ0ZXh0dXJlcyI6eyJTS0lOIjp7InVybCI6Imh0dHA6Ly90ZXh0dXJlcy5taW5lY3JhZnQubmV0L3RleHR1cmUvMWVhNmY5MzJiNDVmZGYzYjY5M2Q5ZTQ0YmQwNWJjYTM2NGViNWI5YWZmNDk3MjI2ZmRiNTJhYmIyNDM2NDIyIn19fQ\u003d\u003d","skullowner":"5572f2b0-5953-43e5-8d96-2895c30d195b"},{"name":"Netherrack","value":"eyJ0ZXh0dXJlcyI6eyJTS0lOIjp7InVybCI6Imh0dHA6Ly90ZXh0dXJlcy5taW5lY3JhZnQubmV0L3RleHR1cmUvNWVjZThlODM4MzU2M2JjZWY1ZDVhZTBiMWJmZmVkMWQ2MTU4YjlhYjdjMWFjODM0NGMxOGFjNDhmNmI2YTIifX19","skullowner":"880942dd-7665-46b8-845c-5720c6b885fa"},{"name":"Netherbrick","value":"eyJ0ZXh0dXJlcyI6eyJTS0lOIjp7InVybCI6Imh0dHA6Ly90ZXh0dXJlcy5taW5lY3JhZnQubmV0L3RleHR1cmUvYzYwYjJmOTE0NTIxNWEzYTUwNjVkY2EyZDg5YmI4YjRjYTQ0YjkyMjJkZDIyMDYwYjUxYzM4ZDliZjU4NyJ9fX0\u003d","skullowner":"9177fd08-9984-41d5-b430-c9f565db0269"},{"name":"Quartz Ore","value":"eyJ0ZXh0dXJlcyI6eyJTS0lOIjp7InVybCI6Imh0dHA6Ly90ZXh0dXJlcy5taW5lY3JhZnQubmV0L3RleHR1cmUvMjZkZTU4ZDU4M2MxMDNjMWNkMzQ4MjQzODBjOGE0NzdlODk4ZmRlMmViOWE3NGU3MWYxYTk4NTA1M2I5NiJ9fX0\u003d","skullowner":"a606ea8d-ffb6-4b9a-a1ec-96c1b48dc0a5"},{"name":"Enderpearl","value":"eyJ0ZXh0dXJlcyI6eyJTS0lOIjp7InVybCI6Imh0dHA6Ly90ZXh0dXJlcy5taW5lY3JhZnQubmV0L3RleHR1cmUvNGUzNWFhZGU4MTI5MmU2ZmY0Y2QzM2RjMGVhNmExMzI2ZDA0NTk3YzBlNTI5ZGVmNDE4MmIxZDE1NDhjZmUxIn19fQ\u003d\u003d","skullowner":"4d017365-f5b1-43e2-8bbd-fecc5a23fbe6"},{"name":"Endereye","value":"eyJ0ZXh0dXJlcyI6eyJTS0lOIjp7InVybCI6Imh0dHA6Ly90ZXh0dXJlcy5taW5lY3JhZnQubmV0L3RleHR1cmUvODcyZDM0MWQ3N2RiZGU2ZDUzZGFkNjFiZjE5MjUyNGRiZGI5NmFmMTM1OGUwNzQ4ZmVlYTE0ODFiMWY4In19fQ\u003d\u003d","skullowner":"51dda14c-10ab-4365-b01d-5175c57898bf"},{"name":"Ender Portal","value":"eyJ0ZXh0dXJlcyI6eyJTS0lOIjp7InVybCI6Imh0dHA6Ly90ZXh0dXJlcy5taW5lY3JhZnQubmV0L3RleHR1cmUvYTRhMzE5ZGVhZmVmZDZhZGIzN2YyMTQ0OWVhNTZkM2VhNWE4Mzg1N2ZiOTYxNmZhN2Q0ZjllYTYyNTE3NyJ9fX0\u003d","skullowner":"f284df11-30a4-4163-818b-94d93a69b605"},{"name":"Ice Block","value":"eyJ0ZXh0dXJlcyI6eyJTS0lOIjp7InVybCI6Imh0dHA6Ly90ZXh0dXJlcy5taW5lY3JhZnQubmV0L3RleHR1cmUvODcyZDliOThhNmIzNGEyNzYyYWFjMWFmOTE1ODczYzA2NmM0M2MyYjJiOGQ2ODlkMjc2MjZjYzVhZmNiMTEifX19","skullowner":"59dfcbad-d090-4857-8591-abdd1a1a47bf"},{"name":"Water","value":"eyJ0ZXh0dXJlcyI6eyJTS0lOIjp7InVybCI6Imh0dHA6Ly90ZXh0dXJlcy5taW5lY3JhZnQubmV0L3RleHR1cmUvNWM3ZWNiZmQ2ZDMzZTg3M2ExY2Y5YTkyZjU3ZjE0NjE1MmI1MmQ5ZDczMTE2OTQ2MDI2NzExMTFhMzAyZiJ9fX0\u003d","skullowner":"0b582b1b-8de8-4b5f-bfc6-d2585b318186"},{"name":"Lava","value":"eyJ0ZXh0dXJlcyI6eyJTS0lOIjp7InVybCI6Imh0dHA6Ly90ZXh0dXJlcy5taW5lY3JhZnQubmV0L3RleHR1cmUvYjY5NjVlNmE1ODY4NGMyNzdkMTg3MTdjZWM5NTlmMjgzM2E3MmRmYTk1NjYxMDE5ZGJjZGYzZGJmNjZiMDQ4In19fQ\u003d\u003d","skullowner":"1d807ac3-018d-46ee-98b3-51a9f3d9ba4a"},{"name":"Emerald Block","value":"eyJ0ZXh0dXJlcyI6eyJTS0lOIjp7InVybCI6Imh0dHA6Ly90ZXh0dXJlcy5taW5lY3JhZnQubmV0L3RleHR1cmUvYWYxMjFmN2MxYWIxNTY3ZmYyMTk4M2ZmN2E5ZTU1YzQwYzBiODY1ZjA1MGQzN2U1ZDM1ZGVmYmFhIn19fQ\u003d\u003d","skullowner":"5dbeafba-01c0-4e25-bfec-1cd45dd2f068"},{"name":"Diamond Block","value":"eyJ0ZXh0dXJlcyI6eyJTS0lOIjp7InVybCI6Imh0dHA6Ly90ZXh0dXJlcy5taW5lY3JhZnQubmV0L3RleHR1cmUvYzAxNDYxOTczNjM0NTI1MTk2ZWNjNzU3NjkzYjE3MWFkYTRlZjI0YWE5MjgzNmY0MmVhMTFiZDc5YzNhNTAyZCJ9fX0\u003d","skullowner":"676629d7-3add-440c-8017-663d29d598a6"},{"name":"Gold Block","value":"eyJ0ZXh0dXJlcyI6eyJTS0lOIjp7InVybCI6Imh0dHA6Ly90ZXh0dXJlcy5taW5lY3JhZnQubmV0L3RleHR1cmUvYjZkMWNlNjk3ZTlkYmFhNGNjZjY0MjUxNmFhYTU5ODEzMzJkYWMxZDMzMWFmZWUyZWUzZGNjODllZmRlZGIifX19","skullowner":"8178b3d7-b6a6-471c-bc70-15f9c5d89671"},{"name":"Iron Block","value":"eyJ0ZXh0dXJlcyI6eyJTS0lOIjp7InVybCI6Imh0dHA6Ly90ZXh0dXJlcy5taW5lY3JhZnQubmV0L3RleHR1cmUvYmJhODQ1OTE0NWQ4M2ZmYzQ0YWQ1OGMzMjYwZTc0Y2E1YTBmNjM0YzdlZWI1OWExYWQzMjM0ODQ5YzkzM2MifX19","skullowner":"03924288-5902-412c-a6ea-a6eb036abd49"},{"name":"Emerald Ore","value":"eyJ0ZXh0dXJlcyI6eyJTS0lOIjp7InVybCI6Imh0dHA6Ly90ZXh0dXJlcy5taW5lY3JhZnQubmV0L3RleHR1cmUvNGZjNDk1ZDFlNmViNTRhMzg2MDY4YzZjYjEyMWM1ODc1ZTAzMWI3ZjYxZDcyMzZkNWYyNGI3N2RiN2RhN2YifX19","skullowner":"e03854c8-c1b7-4cbd-a319-c62f305ccd09"},{"name":"Redstone Ore","value":"eyJ0ZXh0dXJlcyI6eyJTS0lOIjp7InVybCI6Imh0dHA6Ly90ZXh0dXJlcy5taW5lY3JhZnQubmV0L3RleHR1cmUvZThkZWVlNTg2NmFiMTk5ZWRhMWJkZDc3MDdiZGI5ZWRkNjkzNDQ0ZjFlM2JkMzM2YmQyYzc2NzE1MWNmMiJ9fX0\u003d","skullowner":"533c8b68-908c-424f-a6a9-d0228df22bcc"},{"name":"Diamond Ore","value":"eyJ0ZXh0dXJlcyI6eyJTS0lOIjp7InVybCI6Imh0dHA6Ly90ZXh0dXJlcy5taW5lY3JhZnQubmV0L3RleHR1cmUvZjg4Y2Q2ZGQ1MDM1OWM3ZDU4OThjN2M3ZTNlMjYwYmZjZDNkY2IxNDkzYTg5YjllODhlOWNiZWNiZmU0NTk0OSJ9fX0\u003d","skullowner":"81f4b80a-a1b2-495f-93ff-229685fcc7d8"},{"name":"Iron Ore","value":"eyJ0ZXh0dXJlcyI6eyJTS0lOIjp7InVybCI6Imh0dHA6Ly90ZXh0dXJlcy5taW5lY3JhZnQubmV0L3RleHR1cmUvZGI5N2JkZjkyYjYxOTI2ZTM5ZjVjZGRmMTJmOGY3MTMyOTI5ZGVlNTQxNzcxZTBiNTkyYzhiODJjOWFkNTJkIn19fQ\u003d\u003d","skullowner":"b584d8d1-a5e3-49cf-85db-cfc9a8142274"},{"name":"Gold Ore","value":"eyJ0ZXh0dXJlcyI6eyJTS0lOIjp7InVybCI6Imh0dHA6Ly90ZXh0dXJlcy5taW5lY3JhZnQubmV0L3RleHR1cmUvZTRkZjg5MjI5M2E5MjM2ZjczZjQ4ZjllZmU5NzlmZTA3ZGJkOTFmN2I1ZDIzOWU0YWNmZDM5NGY2ZWNhIn19fQ\u003d\u003d","skullowner":"f7639653-f9b7-41ce-b19a-decf5726b52c"},{"name":"Cobblestone","value":"eyJ0ZXh0dXJlcyI6eyJTS0lOIjp7InVybCI6Imh0dHA6Ly90ZXh0dXJlcy5taW5lY3JhZnQubmV0L3RleHR1cmUvMTk1NTM0ZTAyYzU5YjMzZWNlNTYxOTI4MDMzMTk3OTc3N2UwMjVmYTVmYTgxYWU3NWU5OWZkOGVmZGViYjgifX19","skullowner":"b966f5be-50de-4813-8233-472103ce0a51"},{"name":"Stone","value":"eyJ0ZXh0dXJlcyI6eyJTS0lOIjp7InVybCI6Imh0dHA6Ly90ZXh0dXJlcy5taW5lY3JhZnQubmV0L3RleHR1cmUvZGU5YjhhYWU3ZjljYzc2ZDYyNWNjYjhhYmM2ODZmMzBkMzhmOWU2YzQyNTMzMDk4YjlhZDU3N2Y5MWMzMzNjIn19fQ\u003d\u003d","skullowner":"bbab75d5-1d7d-4ba6-95e4-63d64afb128b"},{"name":"Stone Brick","value":"eyJ0ZXh0dXJlcyI6eyJTS0lOIjp7InVybCI6Imh0dHA6Ly90ZXh0dXJlcy5taW5lY3JhZnQubmV0L3RleHR1cmUvYzdhMmMxOGZmYTRkM2Y0MjE2YjI0MTQxNzllY2Q4OGFlNzllNmIxZTBlODljN2JmMjVkZDM1OTk0ZjdiOTYifX19","skullowner":"e56df097-718e-4961-8eb7-6a10096fe222"},{"name":"Stone Brick","value":"eyJ0ZXh0dXJlcyI6eyJTS0lOIjp7InVybCI6Imh0dHA6Ly90ZXh0dXJlcy5taW5lY3JhZnQubmV0L3RleHR1cmUvNmEzYmI5M2I5OTMzNjg5YmM1MDg4ZGVjNzMwYmJlODU5ZDgyNmI2ZGFkNWZmZDc3M2MyZDJiOGY4NDdmNWYifX19","skullowner":"9fec1436-b953-4ac6-8aab-19c07f695788"},{"name":"Chimney","value":"eyJ0ZXh0dXJlcyI6eyJTS0lOIjp7InVybCI6Imh0dHA6Ly90ZXh0dXJlcy5taW5lY3JhZnQubmV0L3RleHR1cmUvMzA1OGVjNGQzOTIwYWRiZmE4NjU1MGY1ODUyNDIyZTFhZjU1MDU0YTE1YWZjOWMyYzkyMmQ1ODc2NWZhYTViIn19fQ\u003d\u003d","skullowner":"163862e5-d8b1-46d1-bc0c-7166de6522ca"},{"name":"Bedrock","value":"eyJ0ZXh0dXJlcyI6eyJTS0lOIjp7InVybCI6Imh0dHA6Ly90ZXh0dXJlcy5taW5lY3JhZnQubmV0L3RleHR1cmUvMzZkMWZhYmRmM2UzNDI2NzFiZDlmOTVmNjg3ZmUyNjNmNDM5ZGRjMmYxYzllYThmZjE1YjEzZjFlN2U0OGI5In19fQ\u003d\u003d","skullowner":"160c4479-dea8-4726-be18-45e8e1a0a130"},{"name":"Brick","value":"eyJ0ZXh0dXJlcyI6eyJTS0lOIjp7InVybCI6Imh0dHA6Ly90ZXh0dXJlcy5taW5lY3JhZnQubmV0L3RleHR1cmUvMjkwZDRmY2IyY2UwM2I5NGQ5MjBmMGE5ZTdhNTRiMzJjZmM3YTFkMzNhNmRmZTk3NTdkODY3OGNiYjU5MSJ9fX0\u003d","skullowner":"b06b1e8b-f727-4628-9e02-12331b39dd53"},{"name":"Quartz Block","value":"eyJ0ZXh0dXJlcyI6eyJTS0lOIjp7InVybCI6Imh0dHA6Ly90ZXh0dXJlcy5taW5lY3JhZnQubmV0L3RleHR1cmUvZTVlMmIyZWQyOThiNTNjYzg0NzgzY2Q3ODVlYzU3ZGE0OWNlYWFiZGNmZjMxYjI1ZmU1MjU2YjM0MjliNDEyIn19fQ\u003d\u003d","skullowner":"bd68e00c-595d-4e33-ad97-31e7dcfe8aab"},{"name":"Slime Ball","value":"eyJ0ZXh0dXJlcyI6eyJTS0lOIjp7InVybCI6Imh0dHA6Ly90ZXh0dXJlcy5taW5lY3JhZnQubmV0L3RleHR1cmUvNDkzNGE5ZjVhYjE3ODlhN2Q4ZGQ5NmQzMjQ5M2NkYWNmZjU3N2Q4YzgxZTdiMjM5MTdkZmYyZTMyYmQwYmMxMCJ9fX0\u003d","skullowner":"d9316bb7-755b-4141-a4c9-c6958d9047f6"},{"name":"Redstone Lamp","value":"eyJ0ZXh0dXJlcyI6eyJTS0lOIjp7InVybCI6Imh0dHA6Ly90ZXh0dXJlcy5taW5lY3JhZnQubmV0L3RleHR1cmUvMWFmZjkzZWJlY2MxZjhmYmQxM2JhNzgzOWVjN2JkY2RlY2FiN2MwN2ZkOGJhNzhlZTc4YWQwYmQzYWNjYmUifX19","skullowner":"b6864e28-93f7-4c61-b497-8f226140747b"},{"name":"Piston","value":"eyJ0ZXh0dXJlcyI6eyJTS0lOIjp7InVybCI6Imh0dHA6Ly90ZXh0dXJlcy5taW5lY3JhZnQubmV0L3RleHR1cmUvMTI3NDNhOGJlYTc1MmQ2ZGFmNjcyZGVhMzY3ZTFhNWQzOThhZWNiZTBjM2M4NDgzYTkwZWM5YWM0NDEyYTQxIn19fQ\u003d\u003d","skullowner":"059da2c0-8983-4f4a-b4a8-4dd409a434bc"},{"name":"Sticky Piston","value":"eyJ0ZXh0dXJlcyI6eyJTS0lOIjp7InVybCI6Imh0dHA6Ly90ZXh0dXJlcy5taW5lY3JhZnQubmV0L3RleHR1cmUvN2NhNGQyMThkZjlkMzJjZDQ3ZDljMWQyOTQ4NzcxMjJiZTU5MTliNDE4YTZjYzNkMDg5MTYyYjEzM2YyZGIifX19","skullowner":"92c42f6c-6465-4058-b33b-2dbf317ea53d"},{"name":"Slime Piston","value":"eyJ0ZXh0dXJlcyI6eyJTS0lOIjp7InVybCI6Imh0dHA6Ly90ZXh0dXJlcy5taW5lY3JhZnQubmV0L3RleHR1cmUvYjcxMTMxNWUzNzAxZDY2YzUzMTU0YWFjOTk1ZDY0ZmY3ZjgwYmU4ZTExZDI3MTJkOTI5OGRiYWJkNzFkNiJ9fX0\u003d","skullowner":"7e654e6a-3a82-4209-9b1d-ca83ddf0e559"},{"name":"Half Piston","value":"eyJ0ZXh0dXJlcyI6eyJTS0lOIjp7InVybCI6Imh0dHA6Ly90ZXh0dXJlcy5taW5lY3JhZnQubmV0L3RleHR1cmUvYWE4NjhjZTkxN2MwOWFmOGU0YzM1MGE1ODA3MDQxZjY1MDliZjJiODlhY2E0NWU1OTFmYmJkN2Q0YjExN2QifX19","skullowner":"f7cc2cd3-4843-47b6-84d5-67822269e742"},{"name":"Dropper","value":"eyJ0ZXh0dXJlcyI6eyJTS0lOIjp7InVybCI6Imh0dHA6Ly90ZXh0dXJlcy5taW5lY3JhZnQubmV0L3RleHR1cmUvNjMyNmYwZTczOTM1M2QyZDdjOGU5YWI0ZTkxZTFmYmVjNjA3Y2FkMGZlMTAyOTZhZmQyMWQ2MzNiOWVjZWUifX19","skullowner":"4b99354f-89aa-4fb6-94b6-908db5dcf6da"},{"name":"Dropper","value":"eyJ0ZXh0dXJlcyI6eyJTS0lOIjp7InVybCI6Imh0dHA6Ly90ZXh0dXJlcy5taW5lY3JhZnQubmV0L3RleHR1cmUvMjVlOTE1MmVmZDg5MmY2MGQ3ZTBkN2U1MzM2OWUwNDc3OWVkMzExMWUyZmIyNzUyYjZmNGMyNmRmNTQwYWVkYyJ9fX0\u003d","skullowner":"50013dff-85c9-4ac7-8c5e-31307ce3554d"},{"name":"Redstone Torch","value":"eyJ0ZXh0dXJlcyI6eyJTS0lOIjp7InVybCI6Imh0dHA6Ly90ZXh0dXJlcy5taW5lY3JhZnQubmV0L3RleHR1cmUvYzJiMGEyNzA5YWQyN2M1NzgzYmE3YWNiZGFlODc4N2QxNzY3M2YwODg4ZjFiNmQ0ZTI0ZWUxMzI5OGQ0In19fQ\u003d\u003d","skullowner":"a8f5a413-8ff3-4d04-a3b9-35585460bf8e"},{"name":"Redstone Torch","value":"eyJ0ZXh0dXJlcyI6eyJTS0lOIjp7InVybCI6Imh0dHA6Ly90ZXh0dXJlcy5taW5lY3JhZnQubmV0L3RleHR1cmUvNWM5ZTM3ZjU5OWM1NTY5OGQzODczYzg3MTRkOWYzYTQwODc1MWMwMTI3MWE3ODllMmNlM2U3ZTlhMmRjNCJ9fX0\u003d","skullowner":"7123b283-374f-40e4-985d-d3e5e27ef0c0"},{"name":"Redstone Block","value":"eyJ0ZXh0dXJlcyI6eyJTS0lOIjp7InVybCI6Imh0dHA6Ly90ZXh0dXJlcy5taW5lY3JhZnQubmV0L3RleHR1cmUvZDA4ZWU2ZWRmYTk4ZGI1ZWFlOWI5Yzk5MzZlOTQ0ODliMmQ0YmJiZDNkMmI0YjZiNDg4NWEzMjI0MDYxM2MifX19","skullowner":"4feade5d-26ec-4398-a0d8-537e6d1ee656"},{"name":"TNT","value":"eyJ0ZXh0dXJlcyI6eyJTS0lOIjp7InVybCI6Imh0dHA6Ly90ZXh0dXJlcy5taW5lY3JhZnQubmV0L3RleHR1cmUvNzI4YTE4MTU2ODlkNzE5NGNmN2RiMDYxYjU5ZjYzMTA2MjY0YjUxMzg3OTc2YTdmYjc0YWI3OWI1NjQxIn19fQ\u003d\u003d","skullowner":"495ced5c-8107-47bf-bfd7-048f8dc63432"},{"name":"TNT","value":"eyJ0ZXh0dXJlcyI6eyJTS0lOIjp7InVybCI6Imh0dHA6Ly90ZXh0dXJlcy5taW5lY3JhZnQubmV0L3RleHR1cmUvZWI5OTRiNDFmMDdmODdiMzI4MTg2YWNmY2JkYWJjNjk5ZDViMTg0N2ZhYmIyZTQ5ZDVhYmMyNzg2NTE0M2E0ZSJ9fX0\u003d","skullowner":"125c5512-a63b-4e6a-a710-e7afd3a4aa9a"},{"name":"Jukebox","value":"eyJ0ZXh0dXJlcyI6eyJTS0lOIjp7InVybCI6Imh0dHA6Ly90ZXh0dXJlcy5taW5lY3JhZnQubmV0L3RleHR1cmUvNmRlNGI1M2I3OGVjMWM3NGQ1YjAxZjdmM2I1NTgzMjg5MmIwNDdmYWMxNTVmNTM0YTc0ZTcxNzgyMWMyYWQifX19","skullowner":"f54d9275-d1e6-4d62-b9a9-2b76fad52da0"},{"name":"Jukebox","value":"eyJ0ZXh0dXJlcyI6eyJTS0lOIjp7InVybCI6Imh0dHA6Ly90ZXh0dXJlcy5taW5lY3JhZnQubmV0L3RleHR1cmUvYTYyMGI4MmNmMTFlM2MxMzcxY2M1MWViOWUzMTJkZTcyYTZhNjI2NjQ0OTRlZDJjYjcxODFiMWJkZmJjOTI3OCJ9fX0\u003d","skullowner":"34d1efae-565e-4e59-ab9c-ee74dfd2fc66"},{"name":"Sponge","value":"eyJ0ZXh0dXJlcyI6eyJTS0lOIjp7InVybCI6Imh0dHA6Ly90ZXh0dXJlcy5taW5lY3JhZnQubmV0L3RleHR1cmUvOTYxM2ZkYWI0M2Q3NjgzOGI3YjhjMTkyNDQxNjNmMTc2NWRiODc0YmRmMTUxNjk2YmRjYjY1NGViMmU1MiJ9fX0\u003d","skullowner":"27478235-3a09-4645-8231-63b1c5603aad"},{"name":"Mossy Stone Brick","value":"eyJ0ZXh0dXJlcyI6eyJTS0lOIjp7InVybCI6Imh0dHA6Ly90ZXh0dXJlcy5taW5lY3JhZnQubmV0L3RleHR1cmUvNjc0OGVhNzA4MGFmY2RmMDdiMTUxMGZkY2U3Nzc2NjVhNzZhNmM2ZTJjMTY2ZDM5ZTFjMzQ1YTZiYjljNWYxZSJ9fX0\u003d","skullowner":"354fd026-7162-4ca1-b14d-976347b5df97"},{"name":"Hydrated Farmland","value":"eyJ0ZXh0dXJlcyI6eyJTS0lOIjp7InVybCI6Imh0dHA6Ly90ZXh0dXJlcy5taW5lY3JhZnQubmV0L3RleHR1cmUvOWE2NTY5MjZhZGNkNTA3ZmYwNzljZTQyZjUxNzc0MzVjMjhlZjM2OTM1OWNmN2NhNmY5ZDgyNWY1NzY3ZGIifX19","skullowner":"407dd44c-95da-464a-991b-6cac1abc0e16"},{"name":"Prismarine","value":"eyJ0ZXh0dXJlcyI6eyJTS0lOIjp7InVybCI6Imh0dHA6Ly90ZXh0dXJlcy5taW5lY3JhZnQubmV0L3RleHR1cmUvOTdlNTYxNDA2ODZlNDc2YWVmNTUyMGFjYmFiYzIzOTUzNWZmOTdlMjRiMTRkODdmNDk4MmYxMzY3NWMifX19","skullowner":"c591ceaa-f47a-40b6-b665-59b03905785d"},{"name":"Enchantment Table","value":"eyJ0ZXh0dXJlcyI6eyJTS0lOIjp7InVybCI6Imh0dHA6Ly90ZXh0dXJlcy5taW5lY3JhZnQubmV0L3RleHR1cmUvMTc2MmExNWIwNDY5MmEyZTRiM2ZiMzY2M2JkNGI3ODQzNGRjZTE3MzJiOGViMWM3YTlmN2MwZmJmNmYifX19","skullowner":"198765c1-c236-4c7d-8555-d0dbacfcb123"},{"name":"Cocoa Pod","value":"eyJ0ZXh0dXJlcyI6eyJTS0lOIjp7InVybCI6Imh0dHA6Ly90ZXh0dXJlcy5taW5lY3JhZnQubmV0L3RleHR1cmUvNTA4M2VjMmIwMWRjMGZlZTc5YWEzMjE4OGQ5NDI5YWNjNjhlY2Y3MTQwOGRjYTA0YWFhYjUzYWQ4YmVhMCJ9fX0\u003d","skullowner":"226f1ae5-09c3-4af3-8754-9d69b3bd18aa"},{"name":"Command Block","value":"eyJ0ZXh0dXJlcyI6eyJTS0lOIjp7InVybCI6Imh0dHA6Ly90ZXh0dXJlcy5taW5lY3JhZnQubmV0L3RleHR1cmUvODUxNGQyMjViMjYyZDg0N2M3ZTU1N2I0NzQzMjdkY2VmNzU4YzJjNTg4MmU0MWVlNmQ4YzVlOWNkM2JjOTE0In19fQ\u003d\u003d","skullowner":"595bff7c-c03f-4af8-b573-61f4b1367fbb"},{"name":"Hay Bale","value":"eyJ0ZXh0dXJlcyI6eyJTS0lOIjp7InVybCI6Imh0dHA6Ly90ZXh0dXJlcy5taW5lY3JhZnQubmV0L3RleHR1cmUvNGUzY2E1YjM5MGQxZTVmMjk3MjgzMjU3Y2U5MGFjNmY4NzgzZDc4NmVjYWVlMDk1YjQ5Y2M2Yjk0NGQ3MmQifX19","skullowner":"146ab9e1-1ddc-4eca-ac95-61e20585c58d"},{"name":"Hay Bale","value":"eyJ0ZXh0dXJlcyI6eyJTS0lOIjp7InVybCI6Imh0dHA6Ly90ZXh0dXJlcy5taW5lY3JhZnQubmV0L3RleHR1cmUvNTFhYzVjNGVmNzUwMWFiMWViOWEyNzg5YWQ2ZTY1YWNkZjZhMjczMThkOGRlNTM1NmZlMjQ3NTE3M2E2MThmIn19fQ\u003d\u003d","skullowner":"b4fa9287-d6a7-4faf-9a82-3088c8cbe7e7"},{"name":"Glowstone","value":"eyJ0ZXh0dXJlcyI6eyJTS0lOIjp7InVybCI6Imh0dHA6Ly90ZXh0dXJlcy5taW5lY3JhZnQubmV0L3RleHR1cmUvNjVkN2JlZDhkZjcxNGNlYTA2M2U0NTdiYTVlODc5MzExNDFkZTI5M2RkMWQ5YjkxNDZiMGY1YWIzODM4NjYifX19","skullowner":"7066e559-9f4b-4c7b-a36e-52f5bc9abbec"},{"name":"Gravel","value":"eyJ0ZXh0dXJlcyI6eyJTS0lOIjp7InVybCI6Imh0dHA6Ly90ZXh0dXJlcy5taW5lY3JhZnQubmV0L3RleHR1cmUvZjMyYTFhNTBiYmU0MzFkYzJmZjcxZThiMjZiYjZkZWExNTVmNzJlMmY0NjlkZGExNGYxMDhjNjA4M2E3ZWNkYSJ9fX0\u003d","skullowner":"c02b21a2-8e9b-4f27-928a-fea86acd5be1"},{"name":"Granite","value":"eyJ0ZXh0dXJlcyI6eyJTS0lOIjp7InVybCI6Imh0dHA6Ly90ZXh0dXJlcy5taW5lY3JhZnQubmV0L3RleHR1cmUvYTAyODViZWEzYzhhMDJkYjEzOWZhOGVjNWNjNTg4NjE1YTk4NTUwNzI1ZjhlNjc2YzkzZmRiYzMzYjZiIn19fQ\u003d\u003d","skullowner":"e26d2b6c-c6ed-408c-bb98-b915920d20ba"},{"name":"Polished Granite","value":"eyJ0ZXh0dXJlcyI6eyJTS0lOIjp7InVybCI6Imh0dHA6Ly90ZXh0dXJlcy5taW5lY3JhZnQubmV0L3RleHR1cmUvOWFlNGNmMjJmNDViYjc3YWVmYTVhZmExZjg2NGRkM2M1ZjlkM2U5MmY0M2IzNTg4ZmQxNjJiMmFhOGMifX19","skullowner":"35e5aaca-99d4-41c8-8a09-25a9f36e6710"},{"name":"Diorite","value":"eyJ0ZXh0dXJlcyI6eyJTS0lOIjp7InVybCI6Imh0dHA6Ly90ZXh0dXJlcy5taW5lY3JhZnQubmV0L3RleHR1cmUvMTNmYTUyNjVhMzM2YWJkZTMwMWE5ZDU5YWY0NzgzZTgyYTEwZGFkMDgxNzcxNmVhZDI5NjJhYjdjNmQzZGZmIn19fQ\u003d\u003d","skullowner":"b5929fcf-c955-4052-9535-83df5e3a8cb8"},{"name":"Polished Diorite","value":"eyJ0ZXh0dXJlcyI6eyJTS0lOIjp7InVybCI6Imh0dHA6Ly90ZXh0dXJlcy5taW5lY3JhZnQubmV0L3RleHR1cmUvMzFhMjgxZjQ5NDUyODZjMzFmYTA3NzEyMWY5YjMyYzU4OGZiOTQwNjRkZTdmOTA4Y2YwZTk2NzdjZGRhOGIxIn19fQ\u003d\u003d","skullowner":"d950d18e-a3b6-48ce-97e5-00fef277ea9f"},{"name":"Andesite","value":"eyJ0ZXh0dXJlcyI6eyJTS0lOIjp7InVybCI6Imh0dHA6Ly90ZXh0dXJlcy5taW5lY3JhZnQubmV0L3RleHR1cmUvYjUxMzU0M2E3NzExOGY4MjAxZjQ5YjdjOGI2MzJkY2ZkMzgwMzdlYmZjNjAxYTFiYzkxYWVkYzRjYWJhIn19fQ\u003d\u003d","skullowner":"a1ec9574-4ecb-4cdf-a2f5-74d113663fba"},{"name":"Polished Andesite","value":"eyJ0ZXh0dXJlcyI6eyJTS0lOIjp7InVybCI6Imh0dHA6Ly90ZXh0dXJlcy5taW5lY3JhZnQubmV0L3RleHR1cmUvY2E5NzlmNzY2MzNmNWRkYTg5NDk2NTExNzE2OTQ4ZTlkN2I4NTkyZjZlMWU0ODBjNWRlMWM4MzIzOGQzZTMyIn19fQ\u003d\u003d","skullowner":"9bbb161b-b46f-4582-8ca6-d736606dc019"},{"name":"Wet Sponge","value":"eyJ0ZXh0dXJlcyI6eyJTS0lOIjp7InVybCI6Imh0dHA6Ly90ZXh0dXJlcy5taW5lY3JhZnQubmV0L3RleHR1cmUvYzI4YmRkMzQ4MTBmODY2NTI3ZGFhZjI4M2RhNzE4MjZhODM3ODI4NmIyYTQzYTYyNjYxNWZhMWIzNjM5ZSJ9fX0\u003d","skullowner":"f64f39ec-4154-4067-8530-c21f848b8fcc"},{"name":"Lapis Lazuli Block","value":"eyJ0ZXh0dXJlcyI6eyJTS0lOIjp7InVybCI6Imh0dHA6Ly90ZXh0dXJlcy5taW5lY3JhZnQubmV0L3RleHR1cmUvMmQ4NDhkYzZmNjk0Y2JmMzU0NDE3MjJiMWEyN2ExOTVkYTU2ZTQ5NjAyMzE4MjRmZDdlYzViMTMxNWNjMmEifX19","skullowner":"1cbc5f90-4877-47ec-8912-77a3b2314239"},{"name":"Lapis Lazuli Ore","value":"eyJ0ZXh0dXJlcyI6eyJTS0lOIjp7InVybCI6Imh0dHA6Ly90ZXh0dXJlcy5taW5lY3JhZnQubmV0L3RleHR1cmUvMmFhMGQwZmVhMWFmYWVlMzM0Y2FiNGQyOWQ4Njk2NTJmNTU2M2M2MzUyNTNjMGNiZWQ3OTdlZDNjZjU3ZGUwIn19fQ\u003d\u003d","skullowner":"65818039-794b-4d66-8912-a4ff5dc4f5ba"},{"name":"Sandstone","value":"eyJ0ZXh0dXJlcyI6eyJTS0lOIjp7InVybCI6Imh0dHA6Ly90ZXh0dXJlcy5taW5lY3JhZnQubmV0L3RleHR1cmUvY2YzODExN2MxNTdmMmNjZTI3ZjU2NmZiNjI0MmRkY2MzNGRhYmMzOWNkZDFkNTRlNjYxMjhhNGVjOGEzY2E0YyJ9fX0\u003d","skullowner":"b425c1fa-fca6-4b88-8857-85152fef9628"},{"name":"Smooth Sandstone","value":"eyJ0ZXh0dXJlcyI6eyJTS0lOIjp7InVybCI6Imh0dHA6Ly90ZXh0dXJlcy5taW5lY3JhZnQubmV0L3RleHR1cmUvZDM2ZTk4NjI4MzJhNmZjYzQ4NTVmYTc5YzFhYWU1ZTczYjkxOTdlYzZiYmQzOGY2MzEyZWZhYzY4MGM2MzI4NSJ9fX0\u003d","skullowner":"5ce04174-74a9-424a-aaf6-8ba4dfd1b529"},{"name":"Black Wool","value":"eyJ0ZXh0dXJlcyI6eyJTS0lOIjp7InVybCI6Imh0dHA6Ly90ZXh0dXJlcy5taW5lY3JhZnQubmV0L3RleHR1cmUvM2FiMDI2M2JkZDc2ZjNlNDE4ZGJhNWJmNDgxYjkyMWNlZDM5N2Q4YjhhMzRhNTU2MWZiN2JlYWE0NmVjZTEifX19","skullowner":"b82be7d6-b59a-4579-b332-be7288bbc2d5"},{"name":"Blue Wool","value":"eyJ0ZXh0dXJlcyI6eyJTS0lOIjp7InVybCI6Imh0dHA6Ly90ZXh0dXJlcy5taW5lY3JhZnQubmV0L3RleHR1cmUvM2YzZTQwNjI5MTE3NGQyNGNkZjBmOTUzZjhhMTc0YTgyYmIzNDg5ZGNlOGY2NzlhNDQzZWYxYWFlMDE2OTA2MSJ9fX0\u003d","skullowner":"8d9ca4f6-21c6-420a-8c63-a0beff448a72"},{"name":"Brown Wool","value":"eyJ0ZXh0dXJlcyI6eyJTS0lOIjp7InVybCI6Imh0dHA6Ly90ZXh0dXJlcy5taW5lY3JhZnQubmV0L3RleHR1cmUvMzJlMzZmNmE2NTRkZTc0NTgzZDgwMzAxNzdhZDZlM2FjNjc1NWQ3NDM1ZDkxMjNlOGViZGZmNzRiMmQ5MGNiIn19fQ\u003d\u003d","skullowner":"7272b1c1-dbc8-4533-801a-86164118a749"},{"name":"Cyan Wool","value":"eyJ0ZXh0dXJlcyI6eyJTS0lOIjp7InVybCI6Imh0dHA6Ly90ZXh0dXJlcy5taW5lY3JhZnQubmV0L3RleHR1cmUvODhlZmFkNzRiMjU0ZTU3Yzc5OTc2M2RjZWVlNDUxMWZhMmY4NWFlOWZhNTU2ZWFhOTdkNDViZjY3ZTBiNmIzIn19fQ\u003d\u003d","skullowner":"f38918d1-3288-4099-9b8a-3b884c257da0"},{"name":"Gray Wool","value":"eyJ0ZXh0dXJlcyI6eyJTS0lOIjp7InVybCI6Imh0dHA6Ly90ZXh0dXJlcy5taW5lY3JhZnQubmV0L3RleHR1cmUvZTllNjkxN2YyZmI0ZWEwOGU3MTMyZGYzMDk2MWQyYjVjNTIzYWJiYTE5Y2U0M2Y4MzVmYzE0YzU2OGY0In19fQ\u003d\u003d","skullowner":"14774a24-c457-4bff-94eb-01ace70604a0"},{"name":"Green Wool","value":"eyJ0ZXh0dXJlcyI6eyJTS0lOIjp7InVybCI6Imh0dHA6Ly90ZXh0dXJlcy5taW5lY3JhZnQubmV0L3RleHR1cmUvNDg0Njg0MzQ0YWUwOTg1MjlmYzk0MWFhODRlMTk1YmRjYTM3NDhkNjlhY2ZlZTJiYWMxMzMyMTM1ZWRkOThjIn19fQ\u003d\u003d","skullowner":"703f9cf1-9aec-4f93-b7c3-c7d5975a6358"},{"name":"Light Blue Wool","value":"eyJ0ZXh0dXJlcyI6eyJTS0lOIjp7InVybCI6Imh0dHA6Ly90ZXh0dXJlcy5taW5lY3JhZnQubmV0L3RleHR1cmUvZjFhZjQ2ZmViZDQ1YzBmNGQ4MWU4ZmExYjY2YjI3NWQ4OWUyNzJiMmFkNTVjOTc4NTUzYTk5YzczM2UxZmYifX19","skullowner":"d0a7287f-97fe-4aae-92fd-8b3ddcf22eff"},{"name":"Lime Wool","value":"eyJ0ZXh0dXJlcyI6eyJTS0lOIjp7InVybCI6Imh0dHA6Ly90ZXh0dXJlcy5taW5lY3JhZnQubmV0L3RleHR1cmUvZDY3NDcwYTBjMThmNjg1MWU5MTQzNTM3MTllNzk1ODc3ZDI5YjMyNTJmN2U2YmQ0YTFiODY1NzY1YmQ3NGZlYiJ9fX0\u003d","skullowner":"2607854d-07bb-4a1f-bd92-f43a52423450"},{"name":"Magenta Wool","value":"eyJ0ZXh0dXJlcyI6eyJTS0lOIjp7InVybCI6Imh0dHA6Ly90ZXh0dXJlcy5taW5lY3JhZnQubmV0L3RleHR1cmUvYWJiNDM4NmJjZGE4NGUzNTNjMzFkNzc4ZDNiMTFiY2QyNmZlYTQ5NGRkNjM0OTZiOGE4MmM3Yzc4YTRhZCJ9fX0\u003d","skullowner":"9cc84482-5e9b-46af-8c64-eae003206a8f"},{"name":"Orange Wool","value":"eyJ0ZXh0dXJlcyI6eyJTS0lOIjp7InVybCI6Imh0dHA6Ly90ZXh0dXJlcy5taW5lY3JhZnQubmV0L3RleHR1cmUvY2JmNzc5N2EyNGE2YWY4NzVmNWM4MjcxYzViOGM0MjVlMTlmMzcyYTQxNWUwNTUyZmMyNDc3NjNmMjg1OWQxIn19fQ\u003d\u003d","skullowner":"aa2d1287-7fb9-4a35-8448-1acbacc1bb8b"},{"name":"Pink Wool","value":"eyJ0ZXh0dXJlcyI6eyJTS0lOIjp7InVybCI6Imh0dHA6Ly90ZXh0dXJlcy5taW5lY3JhZnQubmV0L3RleHR1cmUvNmJlY2ZiMzg3OTkzNmI4OTllNDIwYmZjZDNhNzRmOGExYmY5ZGQ1NGM1OGVjN2ZiOWY4MWQ5YTVkOTg4ZSJ9fX0\u003d","skullowner":"e18ea167-b6e0-420a-a5b4-e881c318af70"},{"name":"Purple Wool","value":"eyJ0ZXh0dXJlcyI6eyJTS0lOIjp7InVybCI6Imh0dHA6Ly90ZXh0dXJlcy5taW5lY3JhZnQubmV0L3RleHR1cmUvYmE5NGNiMjVkZTYyOGNhMzU5YjJmNmVhNWE4ODY4Y2JlMjY1OTVlZWRiMmJmZmI3NTA5NjdhZDFlZTE4NTAifX19","skullowner":"1b995bdd-4fdc-4430-bf5a-a4e61dd55b7f"},{"name":"Red Wool","value":"eyJ0ZXh0dXJlcyI6eyJTS0lOIjp7InVybCI6Imh0dHA6Ly90ZXh0dXJlcy5taW5lY3JhZnQubmV0L3RleHR1cmUvODZkMzVhOTYzZDU5ODc4OTRiNmJjMjE0ZTMyOGIzOWNkMjM4MjQyNmZmOWM4ZTA4MmIwYjZhNmUwNDRkM2EzIn19fQ\u003d\u003d","skullowner":"9caf209b-f29f-4b43-bc37-6fbf9bb93934"},{"name":"Light Gray Wool","value":"eyJ0ZXh0dXJlcyI6eyJTS0lOIjp7InVybCI6Imh0dHA6Ly90ZXh0dXJlcy5taW5lY3JhZnQubmV0L3RleHR1cmUvOTk4YmEyYjM3NGNmYzg5NDU0YzFiOGMzMmRiNDU4YTI3MDY3NTQzOWE0OTU0OTZjOTY3NzFjOTg5MTE2MTYyIn19fQ\u003d\u003d","skullowner":"f6fef3dc-5243-483d-94e2-393ecbeb6417"},{"name":"White Wool","value":"eyJ0ZXh0dXJlcyI6eyJTS0lOIjp7InVybCI6Imh0dHA6Ly90ZXh0dXJlcy5taW5lY3JhZnQubmV0L3RleHR1cmUvM2ZhZjRjMjlmMWU3NDA1ZjQ2ODBjNWMyYjAzZWY5Mzg0ZjFhZWNmZTI5ODZhZDUwMTM4YzYwNWZlZmZmMmYxNSJ9fX0\u003d","skullowner":"9c98db90-85c0-4ef7-8cd7-793091dbc136"},{"name":"Yellow Wool","value":"eyJ0ZXh0dXJlcyI6eyJTS0lOIjp7InVybCI6Imh0dHA6Ly90ZXh0dXJlcy5taW5lY3JhZnQubmV0L3RleHR1cmUvMjdiYmQwYjI5MTFjOTZiNWQ4N2IyZGY3NjY5MWE1MWI4YjEyYzZmZWZkNTIzMTQ2ZDhhYzVlZjFiOGVlIn19fQ\u003d\u003d","skullowner":"164f9d3e-cdb6-414a-bfa0-a5c1729483b5"},{"name":"Cracked Stone Brick","value":"eyJ0ZXh0dXJlcyI6eyJTS0lOIjp7InVybCI6Imh0dHA6Ly90ZXh0dXJlcy5taW5lY3JhZnQubmV0L3RleHR1cmUvMzlhNDZiMmFiMzJmMjE2ZTJkOTIyYzcyMzdiYTIzMTlmOTFiNzFmYTI0ZmU0NTFhZDJjYTgxNDIzZWEzYzgifX19","skullowner":"b0edeefd-dafd-4c11-a6df-ce135be6ddf6"},{"name":"Mossy Stone Brick","value":"eyJ0ZXh0dXJlcyI6eyJTS0lOIjp7InVybCI6Imh0dHA6Ly90ZXh0dXJlcy5taW5lY3JhZnQubmV0L3RleHR1cmUvNzIzNzMzMzMzOWNiYzZiNDY5NDUyYzk2MjExZmEyM2UxOTUxZTg3OTUwNzZmOWVlZDk2YTEzODI0YTg3OSJ9fX0\u003d","skullowner":"a1a60dd2-d7af-4450-9ef6-f4280c733e7d"},{"name":"Stone Slab","value":"eyJ0ZXh0dXJlcyI6eyJTS0lOIjp7InVybCI6Imh0dHA6Ly90ZXh0dXJlcy5taW5lY3JhZnQubmV0L3RleHR1cmUvOGRkMGNkMTU4YzJiYjY2MTg2NTBlMzk1NGIyZDI5MjM3ZjViNGMwZGRjN2QyNThlMTczODBhYjY5NzlmMDcxIn19fQ\u003d\u003d","skullowner":"8d1afea0-0ce4-46de-bd8e-d41963eb8dec"},{"name":"Snow Block","value":"eyJ0ZXh0dXJlcyI6eyJTS0lOIjp7InVybCI6Imh0dHA6Ly90ZXh0dXJlcy5taW5lY3JhZnQubmV0L3RleHR1cmUvNWRkNmZlMjY3YTQxOGRjYzdmMzdhOGY3Njg1NWI1MzI4YjEzMDM4OTdiMzQyYTEwN2NmMTYyZjE0ZmUzZCJ9fX0\u003d","skullowner":"b1b51324-5760-47f0-a1ba-1bae05f0b761"},{"name":"Slime Block","value":"eyJ0ZXh0dXJlcyI6eyJTS0lOIjp7InVybCI6Imh0dHA6Ly90ZXh0dXJlcy5taW5lY3JhZnQubmV0L3RleHR1cmUvOTBlNjVlNmU1MTEzYTUxODdkYWQ0NmRmYWQzZDNiZjg1ZThlZjgwN2Y4MmFhYzIyOGE1OWM0YTk1ZDZmNmEifX19","skullowner":"ba891286-acc2-4583-a596-7fa90743e30e"},{"name":"Obsidian","value":"eyJ0ZXh0dXJlcyI6eyJTS0lOIjp7InVybCI6Imh0dHA6Ly90ZXh0dXJlcy5taW5lY3JhZnQubmV0L3RleHR1cmUvNzg0MGI4N2Q1MjI3MWQyYTc1NWRlZGM4Mjg3N2UwZWQzZGY2N2RjYzQyZWE0NzllYzE0NjE3NmIwMjc3OWE1In19fQ\u003d\u003d","skullowner":"4871fc40-b2c7-431d-9eb8-b54cd666dca7"},{"name":"Smooth Red Sandstone","value":"eyJ0ZXh0dXJlcyI6eyJTS0lOIjp7InVybCI6Imh0dHA6Ly90ZXh0dXJlcy5taW5lY3JhZnQubmV0L3RleHR1cmUvYTJkYTdhYTFhZTZjYzlkNmMzNmMxOGE0NjBkMjM5ODE2MmVkYzIyMDdmZGZjOWUyOGE3YmY4NGQ3NDQxYjhhMiJ9fX0\u003d","skullowner":"7a8dae9e-559a-46aa-97db-d38f677d4985"},{"name":"Red Sandstone","value":"eyJ0ZXh0dXJlcyI6eyJTS0lOIjp7InVybCI6Imh0dHA6Ly90ZXh0dXJlcy5taW5lY3JhZnQubmV0L3RleHR1cmUvZGIzMWJlMTk3YWM3ZDc4YjMwYzM0ZGFjMjY2NWRiZjFhNzRmOTZhNzllNTJjYjhlZDUwODhhZDcwZWU5MzQ4In19fQ\u003d\u003d","skullowner":"d14c8c76-e14e-4387-be6f-a363b36ec146"},{"name":"Note Block","value":"eyJ0ZXh0dXJlcyI6eyJTS0lOIjp7InVybCI6Imh0dHA6Ly90ZXh0dXJlcy5taW5lY3JhZnQubmV0L3RleHR1cmUvNGNlZWI3N2Q0ZDI1NzI0YTljYWYyYzdjZGYyZDg4Mzk5YjE0MTdjNmI5ZmY1MjEzNjU5YjY1M2JlNDM3NmUzIn19fQ\u003d\u003d","skullowner":"fb585583-8345-4af5-8687-dcb6f064b63b"},{"name":"Packed Ice Block","value":"eyJ0ZXh0dXJlcyI6eyJTS0lOIjp7InVybCI6Imh0dHA6Ly90ZXh0dXJlcy5taW5lY3JhZnQubmV0L3RleHR1cmUvNTZhYWI1OGZhMDFmY2U5YWY0NjllZDc0N2FlZDgxMWQ3YmExOGM0NzZmNWE3ZjkwODhlMTI5YzMxYjQ1ZjMifX19","skullowner":"39c4559e-8a9c-40ca-9b32-4420c478b445"},{"name":"Nether Portal","value":"eyJ0ZXh0dXJlcyI6eyJTS0lOIjp7InVybCI6Imh0dHA6Ly90ZXh0dXJlcy5taW5lY3JhZnQubmV0L3RleHR1cmUvYjBiZmMyNTc3ZjZlMjZjNmM2ZjczNjVjMmM0MDc2YmNjZWU2NTMxMjQ5ODkzODJjZTkzYmNhNGZjOWUzOWIifX19","skullowner":"ae1e7567-0b38-4677-97ae-e3fd99d39fbf"},{"name":"End Stone","value":"eyJ0ZXh0dXJlcyI6eyJTS0lOIjp7InVybCI6Imh0dHA6Ly90ZXh0dXJlcy5taW5lY3JhZnQubmV0L3RleHR1cmUvMTlmMjFmNWQ4ODMzMTZmZDY1YTkzNjZmMzJhMzMwMTMxODJlMzM4MWRlYzIxYzE3Yzc4MzU1ZDliZjRmMCJ9fX0\u003d","skullowner":"88ad360e-72bc-48a5-9ad1-8acdc717cda7"},{"name":"Mossy Cobblestone","value":"eyJ0ZXh0dXJlcyI6eyJTS0lOIjp7InVybCI6Imh0dHA6Ly90ZXh0dXJlcy5taW5lY3JhZnQubmV0L3RleHR1cmUvNGQ5MjM4ZWZjOTM0OTNiMTRhNTgyNjM5ZWIwYWE4ODM0ZWFhNDhlMTBiZDRjMjM0ZWIxYTRjMzYzYjQzZDViIn19fQ\u003d\u003d","skullowner":"32289766-a220-44e6-9076-1283a6c53528"},{"name":"Brick","value":"eyJ0ZXh0dXJlcyI6eyJTS0lOIjp7InVybCI6Imh0dHA6Ly90ZXh0dXJlcy5taW5lY3JhZnQubmV0L3RleHR1cmUvNWVjMGViZWExODIxYzI5MmZkZmY0NWQzNTliM2E5ZTIxMjI3MTdlODNkNTVkYzA3ZmMzYmIxY2UzMjkzNWUifX19","skullowner":"db127873-1a45-412d-83e8-5cbc31de58fe"},{"name":"Clay","value":"eyJ0ZXh0dXJlcyI6eyJTS0lOIjp7InVybCI6Imh0dHA6Ly90ZXh0dXJlcy5taW5lY3JhZnQubmV0L3RleHR1cmUvNjc4MjY4MjllYWI1YWQ2MmYwYzExZDlmYWFmZGM5OTU0MzY0ODcxMTYwZGQ4MzllMWFiNWEzYjIxM2EzMyJ9fX0\u003d","skullowner":"d168a3ce-0b99-4eb0-b3cd-4216189e4008"},{"name":"Coal Ore","value":"eyJ0ZXh0dXJlcyI6eyJTS0lOIjp7InVybCI6Imh0dHA6Ly90ZXh0dXJlcy5taW5lY3JhZnQubmV0L3RleHR1cmUvNzc4OGY1ZGRhZjUyYzU4NDIyODdiOTQyN2E3NGRhYzhmMDkxOWViMmZkYjFiNTEzNjVhYjI1ZWIzOTJjNDcifX19","skullowner":"6e26d558-9b39-4a63-ab0d-cc0fef72b078"},{"name":"Coal Block","value":"eyJ0ZXh0dXJlcyI6eyJTS0lOIjp7InVybCI6Imh0dHA6Ly90ZXh0dXJlcy5taW5lY3JhZnQubmV0L3RleHR1cmUvZjZjNWVjYWM5NDJjNzdiOTVhYjQ2MjBkZjViODVlMzgwNjRjOTc0ZjljNWM1NzZiODQzNjIyODA2YTQ1NTcifX19","skullowner":"c7b9f611-64c6-4e9c-ac97-8dedf8b97e17"},{"name":"Dispenser","value":"eyJ0ZXh0dXJlcyI6eyJTS0lOIjp7InVybCI6Imh0dHA6Ly90ZXh0dXJlcy5taW5lY3JhZnQubmV0L3RleHR1cmUvZTgyZTZhYTk1MDExNzM4NGViNGJmNTUyMTcyODNhNzhmNTdiOGM4NWMwODlhYWQwM2JhYzVjYWE4M2MzMDIwIn19fQ\u003d\u003d","skullowner":"c08f9311-628e-4937-a9c6-b7d416d4a2f5"},{"name":"Beacon","value":"eyJ0ZXh0dXJlcyI6eyJTS0lOIjp7InVybCI6Imh0dHA6Ly90ZXh0dXJlcy5taW5lY3JhZnQubmV0L3RleHR1cmUvOWRiZGFhNzU1MDk5ZWRkN2VmYTFmMTI4ODJjN2E1MWI1ODE1ZGI1MmUwYjE2NGFlZjZkZjlhMWY1M2VjYTIzIn19fQ\u003d\u003d","skullowner":"f5271023-2f28-4fbd-9a58-167967b9bee6"},{"name":"Pillar Quartz Block","value":"eyJ0ZXh0dXJlcyI6eyJTS0lOIjp7InVybCI6Imh0dHA6Ly90ZXh0dXJlcy5taW5lY3JhZnQubmV0L3RleHR1cmUvNjFmYWIwMjI1ZTIwZTg0NThlOGI3NTM5OTcxMzM4OGQ5Mjk4NTZiNTUxYjAxNDkwODFkYmIwMTIxZTJhMTY2NCJ9fX0\u003d","skullowner":"237b32f8-b068-45e3-b6f3-9d3cbd4cb17f"},{"name":"Chiseled Quartz Block","value":"eyJ0ZXh0dXJlcyI6eyJTS0lOIjp7InVybCI6Imh0dHA6Ly90ZXh0dXJlcy5taW5lY3JhZnQubmV0L3RleHR1cmUvODUyY2YxYWVmNGI2YWRiYzM4ZjE5NmRmYmE1MzZkYjVhMGIwNjhmMWFiOTE3NjlhZDhjNmQyZjc0ZDNhNWQ0ZSJ9fX0\u003d","skullowner":"eff4ba24-9410-4ad7-b0f9-469398668314"},{"name":"Sea Lantern","value":"eyJ0ZXh0dXJlcyI6eyJTS0lOIjp7InVybCI6Imh0dHA6Ly90ZXh0dXJlcy5taW5lY3JhZnQubmV0L3RleHR1cmUvODI0YzZmZjE3MTRlYjJjM2I4NDRkNDZkMmU1ZWEyZjI2ZDI3M2EzM2VhYWE3NDRhYmY2NDViMDYwYjQ3ZDcifX19","skullowner":"8f206973-cd58-41c7-afdf-f7eba2247856"},{"name":"Dry Farmland","value":"eyJ0ZXh0dXJlcyI6eyJTS0lOIjp7InVybCI6Imh0dHA6Ly90ZXh0dXJlcy5taW5lY3JhZnQubmV0L3RleHR1cmUvMTE1MzBmNzkwZTk3MmUwYmNjNjNhNTRkYzU1NTMyOTAyNTY4ZGVmOGRlZGYyZTIyZTc1OWJiY2JjNTVjMCJ9fX0\u003d","skullowner":"8dbdb2af-603e-4ec4-8bff-51911f968a30"},{"name":"Coarse Dirt","value":"eyJ0ZXh0dXJlcyI6eyJTS0lOIjp7InVybCI6Imh0dHA6Ly90ZXh0dXJlcy5taW5lY3JhZnQubmV0L3RleHR1cmUvMmZhNzY0YjNjMWQ0NjJmODEyNDQ3OGZmNTQzYzc2MzNmYTE5YmFmOTkxM2VlMjI4NTEzZTgxYTM2MzNkIn19fQ\u003d\u003d","skullowner":"a37264ac-b24a-4570-a297-c62ffa891e3a"},{"name":"Mob Spawner","value":"eyJ0ZXh0dXJlcyI6eyJTS0lOIjp7InVybCI6Imh0dHA6Ly90ZXh0dXJlcy5taW5lY3JhZnQubmV0L3RleHR1cmUvNjQ3ZTJlNWQ1NWI2ZDA0OTQzNTE5YmVkMjU1N2M2MzI5ZTMzYjYwYjkwOWRlZTg5MjNjZDg4YjExNTIxMCJ9fX0\u003d","skullowner":"c65047c2-45b8-424a-8461-7a28ed109686"},{"name":"Prismarine Brick","value":"eyJ0ZXh0dXJlcyI6eyJTS0lOIjp7InVybCI6Imh0dHA6Ly90ZXh0dXJlcy5taW5lY3JhZnQubmV0L3RleHR1cmUvMzdjYmEyMzNmZmM0NTdiMzMwNTIyOGIyNWYzNWMwMjMzNTYxMWM5ZWZiNzY2OThiNWU5NGMwZDU0MWI1ZjQifX19","skullowner":"2da1086c-9507-46d4-9115-2b97a0af710d"},{"name":"Dark Prismarine","value":"eyJ0ZXh0dXJlcyI6eyJTS0lOIjp7InVybCI6Imh0dHA6Ly90ZXh0dXJlcy5taW5lY3JhZnQubmV0L3RleHR1cmUvZmQ5MTg1OTg5ODk1NDk1OTQ0NDZlODNmMzM4NzM4OTExNzhkYTlkYjQyZjkxMmU1MjcyZTFmYjI0MDMxMmEifX19","skullowner":"94b8945c-2094-4dc5-bb7a-47951d416bd6"},{"name":"Redstone Lamp (Off)","value":"eyJ0ZXh0dXJlcyI6eyJTS0lOIjp7InVybCI6Imh0dHA6Ly90ZXh0dXJlcy5taW5lY3JhZnQubmV0L3RleHR1cmUvYmQ1OGQ0NTkxNjVkNTk3ODc1M2VhYjVmNDRiZDYwOWYzZGI4NGVlM2JiMDE2OTMyMDUyMzg5ZDM4Yjg5NSJ9fX0\u003d","skullowner":"c7b375a7-ed14-4448-acc5-01fab28f1546"},{"name":"Hardened Clay","value":"eyJ0ZXh0dXJlcyI6eyJTS0lOIjp7InVybCI6Imh0dHA6Ly90ZXh0dXJlcy5taW5lY3JhZnQubmV0L3RleHR1cmUvODJkNWZlZmUyMGRhZjMxYzIzOGVlMjI3ZGQxNDE4MjdhZGE1ZWY4NDgyZDhkMzU3YmJlNWE3Y2Y0MGFmODUifX19","skullowner":"2000e25c-c8f5-4aa3-b485-ba4688b8d47a"},{"name":"Black Stained Clay","value":"eyJ0ZXh0dXJlcyI6eyJTS0lOIjp7InVybCI6Imh0dHA6Ly90ZXh0dXJlcy5taW5lY3JhZnQubmV0L3RleHR1cmUvZTE3ZmY4YmFiYjkxYjRkYmFkNzUyNGU1OGVlZDRiMmY3MTU2NTc0NTk4OWFmOWEyY2NmY2YzMzI4ZjYxYmQyIn19fQ\u003d\u003d","skullowner":"4b355b2b-026a-40d5-8bca-b9403cc08eae"},{"name":"Blue Stained Clay","value":"eyJ0ZXh0dXJlcyI6eyJTS0lOIjp7InVybCI6Imh0dHA6Ly90ZXh0dXJlcy5taW5lY3JhZnQubmV0L3RleHR1cmUvN2MxMTY2OTQ3MzFmYmQyNzJjMWZmYTQzNTJhNTM1OWI2YzNhNGNiNTg2NGE3NGE1ZGJlMGY2NjVmODM4NWMifX19","skullowner":"d2521f71-7112-4ad3-ac3f-fd7de5443a47"},{"name":"Black Stained Clay","value":"eyJ0ZXh0dXJlcyI6eyJTS0lOIjp7InVybCI6Imh0dHA6Ly90ZXh0dXJlcy5taW5lY3JhZnQubmV0L3RleHR1cmUvNTRiOTMyZjExN2M4N2UxMTE4OWYxYzRjNDBjZmQ5MmJlOTExOWIxMTM3Y2Q2MTBjNjhlZGQ0MWFjNThmMTQifX19","skullowner":"59f15e18-ebb8-44d2-a6d7-da53147093e0"},{"name":"Cyan Stained Clay","value":"eyJ0ZXh0dXJlcyI6eyJTS0lOIjp7InVybCI6Imh0dHA6Ly90ZXh0dXJlcy5taW5lY3JhZnQubmV0L3RleHR1cmUvNDQ2MzgxMWZkMGM0OGZjZDczYWJjYjdiYmU1YWE1ZWM2YmMyODA5ZmZjNTU3N2QzZjQ1NTlkZjMwNzY1ZiJ9fX0\u003d","skullowner":"a75f1ed8-83f0-4793-84f2-938976d51fc5"},{"name":"Brown Stained Clay","value":"eyJ0ZXh0dXJlcyI6eyJTS0lOIjp7InVybCI6Imh0dHA6Ly90ZXh0dXJlcy5taW5lY3JhZnQubmV0L3RleHR1cmUvOWVmYTdiNWU1ZTYzZDQ2ZDE0NjE1YzYxYmVkMTU0MjdkOTBiMjYxYzdjYTVlODE1OWM0NjZmMDk1NjFkYSJ9fX0\u003d","skullowner":"3c83c32f-429e-4dd0-af89-ca721ec4aba0"},{"name":"Green Stained Clay","value":"eyJ0ZXh0dXJlcyI6eyJTS0lOIjp7InVybCI6Imh0dHA6Ly90ZXh0dXJlcy5taW5lY3JhZnQubmV0L3RleHR1cmUvYjU1ZDUwMTljOGQ1NWJjYjlkYzM0OTRjY2MzNDE5NzU3Zjg5YzMzODRjZjNjOWFiZWMzZjE4ODMxZjM1YjAifX19","skullowner":"ba0a102c-15a1-443c-8244-d7b7e9c49932"},{"name":"Light Blue Stained Clay","value":"eyJ0ZXh0dXJlcyI6eyJTS0lOIjp7InVybCI6Imh0dHA6Ly90ZXh0dXJlcy5taW5lY3JhZnQubmV0L3RleHR1cmUvODdiYzhmNWFjMmJmMzM2OTc0MWE5NjJkZTJhZGRiYWExN2QxNWNjNGRhZGIxOWFlZjZlOTQ0ODE3ZTZjMjQifX19","skullowner":"f7e64238-e0ea-4fb2-8ed2-ed2ef8d47a50"},{"name":"Lime Stained Clay","value":"eyJ0ZXh0dXJlcyI6eyJTS0lOIjp7InVybCI6Imh0dHA6Ly90ZXh0dXJlcy5taW5lY3JhZnQubmV0L3RleHR1cmUvNTVhMTE3ZTE2MWY3YTI5MWQwYTNhMTY4ZTc3YTIxYjA5ZDM5ZmZkZjU3NzNkMjJhYzAyZjVmYTY2MTFkYjY3In19fQ\u003d\u003d","skullowner":"0135212e-7db4-490d-aca1-a59af95f3f3b"},{"name":"Magenta Stained Clay","value":"eyJ0ZXh0dXJlcyI6eyJTS0lOIjp7InVybCI6Imh0dHA6Ly90ZXh0dXJlcy5taW5lY3JhZnQubmV0L3RleHR1cmUvMzQ0MTUyOGQyODhiMmI3OTczNmNiMjI0ODg3OGZiOTFlZmI0NDYyZDQzYmViZDcxMWY3MzI2YWZiYmY4NSJ9fX0\u003d","skullowner":"18a0f9f2-77c8-4724-ae31-ca99929ca5d1"},{"name":"Orange Stained Clay","value":"eyJ0ZXh0dXJlcyI6eyJTS0lOIjp7InVybCI6Imh0dHA6Ly90ZXh0dXJlcy5taW5lY3JhZnQubmV0L3RleHR1cmUvNzMxNmMxNmIxYWM0NzBkMmMxMTQ0MzRmZjg3MzBmMTgxNTcwOTM4M2RiNmYzY2Y3MjBjMzliNmRjZTIxMTYifX19","skullowner":"e01d7cc8-87fc-408c-bb24-a0d8baf3ae19"},{"name":"Pink Stained Clay","value":"eyJ0ZXh0dXJlcyI6eyJTS0lOIjp7InVybCI6Imh0dHA6Ly90ZXh0dXJlcy5taW5lY3JhZnQubmV0L3RleHR1cmUvZjc1ZGI4MWUxNTkyZjMyZDc3MWRkNWRiYzZjM2E1MWU3YTBkNjZiMjJkZmUyOTZiOTY4Njg1MDVjZWVjIn19fQ\u003d\u003d","skullowner":"555a5f84-2adf-4def-b270-b7bdd7e99b00"},{"name":"Red Stained Clay","value":"eyJ0ZXh0dXJlcyI6eyJTS0lOIjp7InVybCI6Imh0dHA6Ly90ZXh0dXJlcy5taW5lY3JhZnQubmV0L3RleHR1cmUvOWU0MmY2ODJlNDMwYjU1YjYxMjA0YTZmOGI3NmQ1MjI3ZDI3OGVkOWVjNGQ5OGJkYTRhN2E0ODMwYTRiNiJ9fX0\u003d","skullowner":"890bb1c1-3730-435d-9fab-94d72af2e9a3"},{"name":"Purple Stained Clay","value":"eyJ0ZXh0dXJlcyI6eyJTS0lOIjp7InVybCI6Imh0dHA6Ly90ZXh0dXJlcy5taW5lY3JhZnQubmV0L3RleHR1cmUvZTZmNTRmODI4MzZhNTU5MjRlZTg1ZGVjNTZiYmJkOGNhMTQ2MzNkYWE5YmZlMzU2NTU5MmVkZjM5YTZkZSJ9fX0\u003d","skullowner":"5a9545d0-567d-432a-b297-1e357447b544"},{"name":"White Stained Clay","value":"eyJ0ZXh0dXJlcyI6eyJTS0lOIjp7InVybCI6Imh0dHA6Ly90ZXh0dXJlcy5taW5lY3JhZnQubmV0L3RleHR1cmUvNzE1OTU5NDM4OGJmMDEzYTRlM2U2ODY5ZmFhYmNiOTVkMzFkZDNmNGEyNThhNTM1ZTdjYmQ5MmM5OTg2YjcifX19","skullowner":"cb4876b0-aa13-4935-921f-861a6805fd5a"},{"name":"Light Gray Stained Clay","value":"eyJ0ZXh0dXJlcyI6eyJTS0lOIjp7InVybCI6Imh0dHA6Ly90ZXh0dXJlcy5taW5lY3JhZnQubmV0L3RleHR1cmUvNWNkZTk5YjcyNzI4ZWY4ODE2NDBmYTUwNjhkMTIyZTYxZGQ5Y2Y3MThkYmIzNzA5ZmM1YjMyNmYxYWY1ZCJ9fX0\u003d","skullowner":"9f49f356-1def-4d65-b4f7-f5bd7dc13997"},{"name":"Chiseled Sandstone","value":"eyJ0ZXh0dXJlcyI6eyJTS0lOIjp7InVybCI6Imh0dHA6Ly90ZXh0dXJlcy5taW5lY3JhZnQubmV0L3RleHR1cmUvNDkxZTdmOTAzMzc2NWNlYzk2OGYyNzJmYzU4YjczNDRjNDM0YTE3MjFmOTUzN2IyNWE2YWZmNGMyNDU3NmM1In19fQ\u003d\u003d","skullowner":"d3ff98e1-db2b-4819-b0ed-aa85400578a8"}]