[{"name":"Zoidberg","value":"eyJ0ZXh0dXJlcyI6eyJTS0lOIjp7InVybCI6Imh0dHA6Ly90ZXh0dXJlcy5taW5lY3JhZnQubmV0L3RleHR1cmUvODIzOGMxMTRiMjdjYTlmZmQ2ZTc3NTRmZWM1ODJjN2UzNjk5MjgyODNiMmQ3ZmNlMTQ5ZWFhMzEyYmQyIn19fQ\u003d\u003d","skullowner":"9e052b46-699a-40ed-9444-cb312ca2b1d3"},{"name":"Ewok","value":"eyJ0ZXh0dXJlcyI6eyJTS0lOIjp7InVybCI6Imh0dHA6Ly90ZXh0dXJlcy5taW5lY3JhZnQubmV0L3RleHR1cmUvZjMzZWNhNjk5Mzg0ZjNkMWZjNmNkMWQxZWQ1YThiOGMzNDc5OGM2NTY4ZWIxODQ0ZTUzY2JkYzM1OTgifX19","skullowner":"d1423012-3fcc-4264-bbc3-698b33a16c90"},{"name":"Mangle","value":"eyJ0ZXh0dXJlcyI6eyJTS0lOIjp7InVybCI6Imh0dHA6Ly90ZXh0dXJlcy5taW5lY3JhZnQubmV0L3RleHR1cmUvNGUxMTU5ZTFhYWQyMzk1OTdkZWE5ODYyOWUwOTQ2NTQwMTVjNmRkYjljZWQyYzliMGYzYmMxMmQ5ZTYzYWY4In19fQ\u003d\u003d","skullowner":"635ed117-c07c-467d-bba0-85533518712b"},{"name":"Zelda","value":"eyJ0ZXh0dXJlcyI6eyJTS0lOIjp7InVybCI6Imh0dHA6Ly90ZXh0dXJlcy5taW5lY3JhZnQubmV0L3RleHR1cmUvZmM5NmExNGRjMWNiOTQzYjhmZjNjOTJhYWNiMDEwMmMyMzg5ZWVkZWY1MGQzNmI3MTRkMGRiOThiMjdhIn19fQ\u003d\u003d","skullowner":"93930bc0-c1ae-4e1b-96ac-f77d8aabc564"},{"name":"Freddy Fazbear","value":"eyJ0ZXh0dXJlcyI6eyJTS0lOIjp7InVybCI6Imh0dHA6Ly90ZXh0dXJlcy5taW5lY3JhZnQubmV0L3RleHR1cmUvZWQzZjNlMTE0YzYzMWNhZGM4YTU2MDYwMjFiNGI0ZjllMTVmYTZlYzg5ZDNlZWViMWNlYzgyNWNmMjliODgzIn19fQ\u003d\u003d","skullowner":"ec845821-7123-465b-81a5-db71de766752"},{"name":"Bonnie","value":"eyJ0ZXh0dXJlcyI6eyJTS0lOIjp7InVybCI6Imh0dHA6Ly90ZXh0dXJlcy5taW5lY3JhZnQubmV0L3RleHR1cmUvMmYzZmFjYTNkMTNlNmVjMzczZDdhMjhkYWI4OTU5ZmMyYjdjY2NlNWZiNjE3YjFjNTYzYWFkYmIwMzkzMiJ9fX0\u003d","skullowner":"eea1e571-b002-4593-9121-cb768ea218dc"},{"name":"Chica","value":"eyJ0ZXh0dXJlcyI6eyJTS0lOIjp7InVybCI6Imh0dHA6Ly90ZXh0dXJlcy5taW5lY3JhZnQubmV0L3RleHR1cmUvMTdhMWQ0MmVmNzExODc1NzcyOTFkNmFlOTNhNGJlYjhiMTYxYTQzYmMyNjU2MjIwMWNhMjUxNTJiNmZmMzg3In19fQ\u003d\u003d","skullowner":"004db60f-fd03-4d61-9a52-d32b70f9616e"},{"name":"Foxy","value":"eyJ0ZXh0dXJlcyI6eyJTS0lOIjp7InVybCI6Imh0dHA6Ly90ZXh0dXJlcy5taW5lY3JhZnQubmV0L3RleHR1cmUvYjI4MTJhYWE5NTQ3NzNmMmFkYTVhMmY3N2UzMmJhMmY3ZDhkMWY1ZDFiYjRhMzBmODYyNzk2NDJkM2Q4YmI4In19fQ\u003d\u003d","skullowner":"f3b96da6-c931-4977-922d-e6c727677a29"},{"name":"Marionette","value":"eyJ0ZXh0dXJlcyI6eyJTS0lOIjp7InVybCI6Imh0dHA6Ly90ZXh0dXJlcy5taW5lY3JhZnQubmV0L3RleHR1cmUvN2VjYWU4ZmRkOTIzM2I4MmRjMmY3YTk0NDU0NTBiNGE1MmYxYzM4M2EyNDE3OTkxYzgyZWQ3MWJmNzk1YWMxIn19fQ\u003d\u003d","skullowner":"7cb7a096-bf93-4ff3-98e4-de745a105d89"},{"name":"Mangle","value":"eyJ0ZXh0dXJlcyI6eyJTS0lOIjp7InVybCI6Imh0dHA6Ly90ZXh0dXJlcy5taW5lY3JhZnQubmV0L3RleHR1cmUvYzczYWQxZWJlYjliNzUyNTcwOGE5MzNiZGFlMDg2NTk5YThkY2Q2NmQ4YjQxNDUzMWNlNjNiZjk5NTNiZDNlIn19fQ\u003d\u003d","skullowner":"fe03aab2-c7d8-4295-a1d3-4c1784c26acb"},{"name":"Link","value":"eyJ0ZXh0dXJlcyI6eyJTS0lOIjp7InVybCI6Imh0dHA6Ly90ZXh0dXJlcy5taW5lY3JhZnQubmV0L3RleHR1cmUvZGFhMDU5NjZkYmIzOWY3ODBlN2VhNjNhMjk1NjBkOGViNDhlMGMyNDk3YTgxOGE4OTU2NGE1YTE0YTMzZWYifX19","skullowner":"63b2a003-04da-450b-b07a-de6906f8f677"},{"name":"Stitch","value":"eyJ0ZXh0dXJlcyI6eyJTS0lOIjp7InVybCI6Imh0dHA6Ly90ZXh0dXJlcy5taW5lY3JhZnQubmV0L3RleHR1cmUvMTZhOGNiZTliNWI2NTYzNDVhZTAzNGJlZmVhZDI2YjkzNjc3ZmViYzg4NzI1NDkwNDE2Y2U3YmFiYmQ1OWYzZCJ9fX0\u003d","skullowner":"b4a745d0-2580-44c8-ae14-28ab38881b2d"},{"name":"Groot","value":"eyJ0ZXh0dXJlcyI6eyJTS0lOIjp7InVybCI6Imh0dHA6Ly90ZXh0dXJlcy5taW5lY3JhZnQubmV0L3RleHR1cmUvMjNjNzFhODVlZWIzY2Q2NDQ5MTU5Njc1YWE4OTI3OGEyYTFkNTg3YjRkMGI3NjgxNzRmYzJlMTVjOWJlNGQifX19","skullowner":"83152cb1-7361-40c5-b5a8-90602d45e9fb"},{"name":"Star Lord","value":"eyJ0ZXh0dXJlcyI6eyJTS0lOIjp7InVybCI6Imh0dHA6Ly90ZXh0dXJlcy5taW5lY3JhZnQubmV0L3RleHR1cmUvYjViODFlMTc0N2IzMDQwODAxMDY5NzY4YjdjZWU4NWEzMmZlMGVhNTc4ZDdhNDg4NzgzYzc3NzhlNzJkN2U3In19fQ\u003d\u003d","skullowner":"a6204c1f-63ba-40d8-84a2-7f26459c1bb6"},{"name":"Boba Fett","value":"eyJ0ZXh0dXJlcyI6eyJTS0lOIjp7InVybCI6Imh0dHA6Ly90ZXh0dXJlcy5taW5lY3JhZnQubmV0L3RleHR1cmUvZmJmZWY1ZTA2NTMzOTc5ZDU3Y2FhNGZiY2UyNjBlYzFlNGYyNDE3NGFhNzcyZjYwZjA2OGEwZjlhYzYzZWUifX19","skullowner":"4761b4f6-2e26-4719-a4c9-cff0cacdc6ab"},{"name":"Storm Trooper","value":"eyJ0ZXh0dXJlcyI6eyJTS0lOIjp7InVybCI6Imh0dHA6Ly90ZXh0dXJlcy5taW5lY3JhZnQubmV0L3RleHR1cmUvZTMyYzMzNmRhODRhN2JhNjEwYzg4MWFhOTk1Zjk2NjRmMTlkYzJjNDBiZDExNDQ5ZTIwYzZjM2EzZTc1MSJ9fX0\u003d","skullowner":"d644b0db-341b-4770-b3ee-f4da1de779b2"},{"name":"Clone Trooper","value":"eyJ0ZXh0dXJlcyI6eyJTS0lOIjp7InVybCI6Imh0dHA6Ly90ZXh0dXJlcy5taW5lY3JhZnQubmV0L3RleHR1cmUvNzdlMGQ3MmNmNDQxY2NlOTRjY2UzY2IzYmNjZWM2ZmVjNWY4YWMyZDc5YmM5NjNkOGI3NGQ1NGEyMDYyIn19fQ\u003d\u003d","skullowner":"9cdd5622-1624-43c9-9969-bdc43a816d26"},{"name":"R2D2","value":"eyJ0ZXh0dXJlcyI6eyJTS0lOIjp7InVybCI6Imh0dHA6Ly90ZXh0dXJlcy5taW5lY3JhZnQubmV0L3RleHR1cmUvN2NlYmM5Nzc5OGMyZTM2MDU1MWNhYjNkZDVkYjZkNTM0OTdmZTYzMDQwOTQxYzlhYzQ5MWE1OWNiZjM4M2E3YSJ9fX0\u003d","skullowner":"327722ba-304d-4cc3-a3d7-b037f3990d64"},{"name":"Darth Vader","value":"eyJ0ZXh0dXJlcyI6eyJTS0lOIjp7InVybCI6Imh0dHA6Ly90ZXh0dXJlcy5taW5lY3JhZnQubmV0L3RleHR1cmUvYzFjM2UxZjIyNGI0NDZjY2FjNmE2Y2MzY2Q5ODkxMDE5YTEyMmY5OTY5MWMzOTA3OTkyYTNhZjk5YTIxYjAifX19","skullowner":"8d0d9feb-8866-48d5-ab7f-28f4a8947925"},{"name":"Patrick","value":"eyJ0ZXh0dXJlcyI6eyJTS0lOIjp7InVybCI6Imh0dHA6Ly90ZXh0dXJlcy5taW5lY3JhZnQubmV0L3RleHR1cmUvYjk3MWI5Mjc3MjljNmVhY2UxNjU5M2IzM2E5ODZkNjE5NDNkNjJmNjk2MWRlNmRiNTk5YTgxOGIyYWYzMiJ9fX0\u003d","skullowner":"c2ee5e5f-3b6e-41d5-b6ff-e41d6f66ff6c"},{"name":"Spongebob","value":"eyJ0ZXh0dXJlcyI6eyJTS0lOIjp7InVybCI6Imh0dHA6Ly90ZXh0dXJlcy5taW5lY3JhZnQubmV0L3RleHR1cmUvNWU3MWVmMzlhZjRlMzNlYmNmNjlhNGJlNjM3OTU0M2M1MDE1YWFlYzc2YmFiNmZjM2Q4NjJhNzVkZmUzYzQ3In19fQ\u003d\u003d","skullowner":"95972406-9912-4081-bb31-81c1d6801d98"},{"name":"Ice King","value":"eyJ0ZXh0dXJlcyI6eyJTS0lOIjp7InVybCI6Imh0dHA6Ly90ZXh0dXJlcy5taW5lY3JhZnQubmV0L3RleHR1cmUvYzJjZWU2MmI5OWQ4MDRkZGRlZGNmZTdhNzFhMTBjMmQ3YzhjMTYxNmFhY2I5MWRiODJlNDdhMjJkZDMxNCJ9fX0\u003d","skullowner":"dd76d7df-eae7-4c01-af5b-cfeac1ec2230"},{"name":"Jake","value":"eyJ0ZXh0dXJlcyI6eyJTS0lOIjp7InVybCI6Imh0dHA6Ly90ZXh0dXJlcy5taW5lY3JhZnQubmV0L3RleHR1cmUvNTNkMTg3N2JlOTVhOWVkYjg2ZGYyMjU2ZjIzOTU4MzI0YzJlYzE5ZWY5NDI3N2NlMmZiNWMzMzAxODQxZGMifX19","skullowner":"307838c8-48ed-4903-91f8-a75d6132a967"},{"name":"Finn","value":"eyJ0ZXh0dXJlcyI6eyJTS0lOIjp7InVybCI6Imh0dHA6Ly90ZXh0dXJlcy5taW5lY3JhZnQubmV0L3RleHR1cmUvYjUxZDU5NjZlYTQ3MmM0M2VmNTJhNWY2NTdmZjg1OTIwM2JlYTI4ZmU0YmVkY2U1YTFjZDc4OWIzYWM0YmEifX19","skullowner":"c65d9bca-26f3-4e0a-885e-e2133bef2a3d"},{"name":"Sonic","value":"eyJ0ZXh0dXJlcyI6eyJTS0lOIjp7InVybCI6Imh0dHA6Ly90ZXh0dXJlcy5taW5lY3JhZnQubmV0L3RleHR1cmUvYzVmNWM5ZmY5NGMwZGQ1Y2JiMWUyNzFhODE3ZTZlOWM1NTJlMzkyOGIxNTk1MTlkZDIyNmVmYWJkZCJ9fX0\u003d","skullowner":"42aa23d7-a37c-450c-9869-4c8925638f53"},{"name":"Metaknight","value":"eyJ0ZXh0dXJlcyI6eyJTS0lOIjp7InVybCI6Imh0dHA6Ly90ZXh0dXJlcy5taW5lY3JhZnQubmV0L3RleHR1cmUvMTQ2NDQ5MzczNjgyMzgxYTY1Y2FlNjVhMjI1M2Q4YjM2YjI5Mzc3NjQxMmM1ZGY4ZGVhNGQ5NjQzOTNhZjdhIn19fQ\u003d\u003d","skullowner":"3ff82ea9-0aa0-41c6-aa2f-d93d1a62cfc0"},{"name":"Ness","value":"eyJ0ZXh0dXJlcyI6eyJTS0lOIjp7InVybCI6Imh0dHA6Ly90ZXh0dXJlcy5taW5lY3JhZnQubmV0L3RleHR1cmUvMTk1NzdhOWJkYTY0ZjcxNmExNjkyMjIyOTlhZGQ1NmZjNzQ2Y2ZkODU1NjBiMzk3MWQ5NzYyYTQ4MzY2In19fQ\u003d\u003d","skullowner":"7ed3d846-29ec-4266-b505-ef92994a6048"},{"name":"Wario","value":"eyJ0ZXh0dXJlcyI6eyJTS0lOIjp7InVybCI6Imh0dHA6Ly90ZXh0dXJlcy5taW5lY3JhZnQubmV0L3RleHR1cmUvY2E4YjNhMWFmMmQ4ZmMzNzcyOWY2ZjYzZmRiYTVkNWUyMDk3NThkZWQ0YjJmY2Y2YWRkNGI4NWJmNjdlZGQ3MiJ9fX0\u003d","skullowner":"297447ae-1a42-447c-9bfd-dc342e5c770b"},{"name":"Princess Peach","value":"eyJ0ZXh0dXJlcyI6eyJTS0lOIjp7InVybCI6Imh0dHA6Ly90ZXh0dXJlcy5taW5lY3JhZnQubmV0L3RleHR1cmUvZmViOTMzMWFjZGYzY2I3NmJkM2E1NmRkZDU5YjhiMTM5OGE1NDk1MmY1MzQ1NTFkZjgxNDIyYWJiZTk0ZiJ9fX0\u003d","skullowner":"575cc9a3-a425-493a-bbd0-dcbf18f0e91f"},{"name":"Fox McCloud","value":"eyJ0ZXh0dXJlcyI6eyJTS0lOIjp7InVybCI6Imh0dHA6Ly90ZXh0dXJlcy5taW5lY3JhZnQubmV0L3RleHR1cmUvNzFiZTI5NzUwZGRlYzgwOTk0YmRhNzk2NTNlMjFlZDcwZDViMmViNzkzZGE1MWQ1YTg3Yjg5YmY2N2RjYjk2In19fQ\u003d\u003d","skullowner":"3eb4f734-528e-4518-a1db-4e838d691b2c"},{"name":"Bowser","value":"eyJ0ZXh0dXJlcyI6eyJTS0lOIjp7InVybCI6Imh0dHA6Ly90ZXh0dXJlcy5taW5lY3JhZnQubmV0L3RleHR1cmUvZTg2MDYxMGVkMzA3ODVlNjIyOWU4MmUyODk3YjQyZmRhYmIxZGY2Mjk2ZDM3MzFmYWMyNzQ0ZTU2YTllYjkifX19","skullowner":"d9eebcd2-987b-429b-ad88-43d24f3af599"},{"name":"Mario","value":"eyJ0ZXh0dXJlcyI6eyJTS0lOIjp7InVybCI6Imh0dHA6Ly90ZXh0dXJlcy5taW5lY3JhZnQubmV0L3RleHR1cmUvNmY3ZWI3NWU1NTQyY2M0OTM3YWFhZDViYjg2NTczOTNlYWYwMjY1MDA2ZWFjMWRjOTY2OTFmMzJlMTY0MzcifX19","skullowner":"98958836-4e85-4e5d-9c20-6ee46723f202"},{"name":"Luigi","value":"eyJ0ZXh0dXJlcyI6eyJTS0lOIjp7InVybCI6Imh0dHA6Ly90ZXh0dXJlcy5taW5lY3JhZnQubmV0L3RleHR1cmUvZmYxNTMzODcxZTQ5ZGRhYjhmMWNhODJlZGIxMTUzYTVlMmVkMzc2NGZkMWNlMDI5YmY4MjlmNGIzY2FhYzMifX19","skullowner":"3731f0dd-5c62-4f55-b894-4a1d9357b3ae"},{"name":"Yoshi","value":"eyJ0ZXh0dXJlcyI6eyJTS0lOIjp7InVybCI6Imh0dHA6Ly90ZXh0dXJlcy5taW5lY3JhZnQubmV0L3RleHR1cmUvNjcxZWJjMTFiZGQxNTE0MTBkYTcwZDkzMTI1OWM0ZTk2OTUyOGU2ZjU4ODllOWM0YmIyZGQ3NjNiOWVhZmQifX19","skullowner":"91318ba0-ec9d-4072-95a7-fca5d39bd2dc"},{"name":"Ash Ketchum","value":"eyJ0ZXh0dXJlcyI6eyJTS0lOIjp7InVybCI6Imh0dHA6Ly90ZXh0dXJlcy5taW5lY3JhZnQubmV0L3RleHR1cmUvZGMyMzU4NmY1MWZjOThiNTU0NTBiYjlhMzdhMDY2Y2FhYzI3NjVjMWQ0NzFjYjg5MTA5NGE4ZWMwMzJiZWZiIn19fQ\u003d\u003d","skullowner":"dd4c0164-6dc0-498a-bd0e-57d49a16e407"},{"name":"Samus","value":"eyJ0ZXh0dXJlcyI6eyJTS0lOIjp7InVybCI6Imh0dHA6Ly90ZXh0dXJlcy5taW5lY3JhZnQubmV0L3RleHR1cmUvM2E4ZDMxNGNjMzFjYThhZGYyZWU5OWJlMzliMzI3MzJiZTZkNmJlODUxMGJhOGVkNGFmMWI4ZmFiMmVmMGY5In19fQ\u003d\u003d","skullowner":"3aa20f76-60cb-4c44-82d2-40d46425d370"},{"name":"Ganondorf","value":"eyJ0ZXh0dXJlcyI6eyJTS0lOIjp7InVybCI6Imh0dHA6Ly90ZXh0dXJlcy5taW5lY3JhZnQubmV0L3RleHR1cmUvM2I3ODU0MzY5MTRkNDQ4ODg2Zjg3NmJlMGY0ODdjZjRjMzMyZDY5NmY2NjU3MGE4NGU4NmY4ZmE2N2YifX19","skullowner":"02171f13-58e9-4ebe-92b4-38da9bd49a8e"},{"name":"Toy Bonnie","value":"eyJ0ZXh0dXJlcyI6eyJTS0lOIjp7InVybCI6Imh0dHA6Ly90ZXh0dXJlcy5taW5lY3JhZnQubmV0L3RleHR1cmUvYjY5NWI0Yzc5N2Q2NGU0ZjQ5MmU1NmI4MjU5YzViZTY0NDg2MTZiOWQ1OWYwNmMxOTkyNjFkYTM1OWZhNWQifX19","skullowner":"96df5bd9-b590-4b0d-b2a2-0385d97c382f"},{"name":"Toy Freddy","value":"eyJ0ZXh0dXJlcyI6eyJTS0lOIjp7InVybCI6Imh0dHA6Ly90ZXh0dXJlcy5taW5lY3JhZnQubmV0L3RleHR1cmUvNDQ1NzkyZTk0M2YxODQ4NzhjYWZjOGEyNzFjMmNmYjNiMGY3YmI3NmMyYjE5YTEyOTJiNDQwZGIzNjc1NTcifX19","skullowner":"271efa84-b85a-4c3d-85f5-7428847be41d"},{"name":"Toy Chica","value":"eyJ0ZXh0dXJlcyI6eyJTS0lOIjp7InVybCI6Imh0dHA6Ly90ZXh0dXJlcy5taW5lY3JhZnQubmV0L3RleHR1cmUvNmM0NjI4NGM0OTQ4YmZkMTdjMWViNmQ5NmNkZmFmNGIxMzA4MGM0NzY4MTFhMWVmN2I5ZDc1YWIzYzE4NWQxIn19fQ\u003d\u003d","skullowner":"a03ae0e3-0f68-4231-8f3a-7abe3fa8a4f8"},{"name":"Toy Mangle","value":"eyJ0ZXh0dXJlcyI6eyJTS0lOIjp7InVybCI6Imh0dHA6Ly90ZXh0dXJlcy5taW5lY3JhZnQubmV0L3RleHR1cmUvZmJkMjg0OTk3NzUyYTQ4MDJiOGNlYjRiNDY1MTMzOGI0NGI2ZDQ3Nzk2NWI3MzdmMTk4NWI2ZmFmNWUyMmFiIn19fQ\u003d\u003d","skullowner":"ac93edcf-3722-4880-b034-7d2a5a4501ff"},{"name":"Balloon Boy","value":"eyJ0ZXh0dXJlcyI6eyJTS0lOIjp7InVybCI6Imh0dHA6Ly90ZXh0dXJlcy5taW5lY3JhZnQubmV0L3RleHR1cmUvOGE0OGRkNGFkMThhZmIyMmZlNTcyODUyNzA2YjgwMTlhNzhkOGYxNTk0ODZlNzQyZmY3NjFjNjM4ZDIwMmY1YiJ9fX0\u003d","skullowner":"c9767518-4e76-44dd-8aa8-72f83ae4ab09"},{"name":"Vegetta","value":"eyJ0ZXh0dXJlcyI6eyJTS0lOIjp7InVybCI6Imh0dHA6Ly90ZXh0dXJlcy5taW5lY3JhZnQubmV0L3RleHR1cmUvNGZjMWQ4OGJlMjUyODE2OGY2N2RhMTZhMTliMTRmMDRlMWU0OTYzYTk5ZGZjYjRlNDlkOTg0YTM1MTMxM2MifX19","skullowner":"c1c36742-e1c8-4edb-b96a-0810a310a568"},{"name":"Masterchief","value":"eyJ0ZXh0dXJlcyI6eyJTS0lOIjp7InVybCI6Imh0dHA6Ly90ZXh0dXJlcy5taW5lY3JhZnQubmV0L3RleHR1cmUvMjU0ODg0NGM0OGIwODJkZjU3Y2I0YWFkYzZiMjNhNGFmNDllM2JlMDI4ZjIxNmM2MmVmNTM5YWI4NGNjYmMwIn19fQ\u003d\u003d","skullowner":"3e41428a-ab5a-4c02-9fa7-f6e176a60b32"},{"name":"Bender","value":"eyJ0ZXh0dXJlcyI6eyJTS0lOIjp7InVybCI6Imh0dHA6Ly90ZXh0dXJlcy5taW5lY3JhZnQubmV0L3RleHR1cmUvNmUyM2Q2MDdlOTJlNzI5YWY5NjY0YmZhMjZiZTk1OGI0YjJmOWYzZTAxMmVlZDgzM2Y5YTM1ZWE0YzRiMCJ9fX0\u003d","skullowner":"d9b02764-88e5-4b54-8ebd-080e1b09118d"},{"name":"Wheatley","value":"eyJ0ZXh0dXJlcyI6eyJTS0lOIjp7InVybCI6Imh0dHA6Ly90ZXh0dXJlcy5taW5lY3JhZnQubmV0L3RleHR1cmUvNjY4NGY0YTZlZDE0Mjg2NWRiMDkzOGU0ODc2NzY4NDlhNTRkNjQzNzhlMmU5ZTdmNzEzYjliMWU5ZDA0MSJ9fX0\u003d","skullowner":"2bfae29c-a956-4064-84ce-b37784c3702f"},{"name":"Wilson","value":"eyJ0ZXh0dXJlcyI6eyJTS0lOIjp7InVybCI6Imh0dHA6Ly90ZXh0dXJlcy5taW5lY3JhZnQubmV0L3RleHR1cmUvZTk4ZDRmZTUxNzZhM2FjY2RlYmIxYzNmYjBiMjZjZjNhMTgxZmZmYzE2MGVhNTJhMDI4Y2I0MWYzNGNmZTEifX19","skullowner":"588104b8-7f0e-4575-8c51-6c51a29d4b56"},{"name":"Masterchief","value":"eyJ0ZXh0dXJlcyI6eyJTS0lOIjp7InVybCI6Imh0dHA6Ly90ZXh0dXJlcy5taW5lY3JhZnQubmV0L3RleHR1cmUvYjc3NWExN2MyOTQxYWU2YTJhNWYxODQwNTA5YjlhYjBjMGQ5Njg1OWE5YmMyNDk3OThiODZmMTk1MmIwODMyZSJ9fX0\u003d","skullowner":"121b724e-9b29-4321-9286-1ab3f0881dd8"},{"name":"Batman","value":"eyJ0ZXh0dXJlcyI6eyJTS0lOIjp7InVybCI6Imh0dHA6Ly90ZXh0dXJlcy5taW5lY3JhZnQubmV0L3RleHR1cmUvZjI1NmY3MTczNWVmNDU4NTgxYzlkYWNmMzk0MTg1ZWVkOWIzM2NiNmVjNWNkNTk0YTU3MTUzYThiNTY2NTYwIn19fQ\u003d\u003d","skullowner":"af20c020-6810-4abe-8437-97d3bff52bec"},{"name":"Joker","value":"eyJ0ZXh0dXJlcyI6eyJTS0lOIjp7InVybCI6Imh0dHA6Ly90ZXh0dXJlcy5taW5lY3JhZnQubmV0L3RleHR1cmUvYWY0ZjY4MjVlZjZkNWU0NmQ3OTQ2OTdkMWJmODZkMTQ0YmY2ZmIzZGE0ZTU1ZjdjZjU1MjcxZjYzN2VhYTcifX19","skullowner":"c1e3bb5f-23bd-48b3-827a-b95d4f687d38"},{"name":"Bender","value":"eyJ0ZXh0dXJlcyI6eyJTS0lOIjp7InVybCI6Imh0dHA6Ly90ZXh0dXJlcy5taW5lY3JhZnQubmV0L3RleHR1cmUvYjE1ZmUyNDdkOWM2MWE2YzEzNzU0NGRlN2U2MjIwZjg0NzU5ZTMzMzM1YjBiNTUxODMyZmExZjhhMjYyYzIzYSJ9fX0\u003d","skullowner":"e5f8b552-18cf-4e19-837d-0ebfc17e7ad3"},{"name":"Captain America","value":"eyJ0ZXh0dXJlcyI6eyJTS0lOIjp7InVybCI6Imh0dHA6Ly90ZXh0dXJlcy5taW5lY3JhZnQubmV0L3RleHR1cmUvN2VjNTI3NzEzZDM0YzExNjdlZWQwY2QxZTk2OWRiZmFkNWQ0NGE3NTIxNTRjY2FmNjRjMWM3YWI2YmMzZjNmIn19fQ\u003d\u003d","skullowner":"acabdba2-25db-4c35-8ab6-dbc5a5efa080"},{"name":"Deadpool","value":"eyJ0ZXh0dXJlcyI6eyJTS0lOIjp7InVybCI6Imh0dHA6Ly90ZXh0dXJlcy5taW5lY3JhZnQubmV0L3RleHR1cmUvZGMxNWMzMTYzOWU5M2YyYmIyNzRjZjI5ZDI0NGE4YTI5MDZlODBhYjhiZDJjMDEyMWM3ZmQxZTI2MjRkNTMifX19","skullowner":"64fd8f0f-ae62-4c4c-be25-a224f08756bf"},{"name":"Toy Freddy","value":"eyJ0ZXh0dXJlcyI6eyJTS0lOIjp7InVybCI6Imh0dHA6Ly90ZXh0dXJlcy5taW5lY3JhZnQubmV0L3RleHR1cmUvZGMzZjJlOTNkMDMyOTRkNGFhOTMxZTk5NjdmMmQ1YmNkMmFmOTA5YmZlMzhlZTgxZDFiZGE3ZjY4MmZkYzMifX19","skullowner":"b8309f53-9747-4931-9064-a2e011ede314"},{"name":"Toy Chica","value":"eyJ0ZXh0dXJlcyI6eyJTS0lOIjp7InVybCI6Imh0dHA6Ly90ZXh0dXJlcy5taW5lY3JhZnQubmV0L3RleHR1cmUvY2MzNzY2OGQ1ZWFlMThiYTc2NmNkNWM4ZWJjNzVjNDhkZTFiYTQ0Y2JlNDg5ZDgyOWE1ZWNhODY5MWJmNTU2In19fQ\u003d\u003d","skullowner":"d3610225-332c-4b5d-8ed2-2052553f1140"},{"name":"Toy Bonnie","value":"eyJ0ZXh0dXJlcyI6eyJTS0lOIjp7InVybCI6Imh0dHA6Ly90ZXh0dXJlcy5taW5lY3JhZnQubmV0L3RleHR1cmUvYTc1ZGJlOTcwZDU0N2IyNTYxZjhiNjU4MTMwMzU5MTc2MjQ2Zjg5ZTc0YTRhYmRjNjgzNDE1NWM4YzRjODFhIn19fQ\u003d\u003d","skullowner":"398de933-bba6-43da-a100-a6afff7afb51"},{"name":"Doge","value":"eyJ0ZXh0dXJlcyI6eyJTS0lOIjp7InVybCI6Imh0dHA6Ly90ZXh0dXJlcy5taW5lY3JhZnQubmV0L3RleHR1cmUvYjlhZmIyZTVmMGI5NzdjNGM2ODNlMDE3ZDJiNDdmY2QxNDg4YWI1NjM5Nzc2NmU1YjM4MDQwNWExMzkyNjAifX19","skullowner":"11ca9402-ec89-4708-b4cb-57e72006a739"},{"name":"Goomba","value":"eyJ0ZXh0dXJlcyI6eyJTS0lOIjp7InVybCI6Imh0dHA6Ly90ZXh0dXJlcy5taW5lY3JhZnQubmV0L3RleHR1cmUvYWVjZjk0ZjRiY2JiZjZlYWRjYjI1YWEzZDA2OWFhNjc4ZWJkYjUyNDFlYjgyZThlMjY4ODljYWYzMjc1NTcwIn19fQ\u003d\u003d","skullowner":"ba96c92d-1b08-4fd1-b0e5-39aab40215b7"}]