[{"name":"Sky Blue","value":"eyJ0ZXh0dXJlcyI6eyJTS0lOIjp7InVybCI6Imh0dHA6Ly90ZXh0dXJlcy5taW5lY3JhZnQubmV0L3RleHR1cmUvYzE0ODJiNzU1ODU4NjU3ZmI1MWI3ZDNmYmY0Y2Q4YzA5MGMwNWUzNWJkOGNkYmE5OGIxOTQ5OWQ3ODMzYWNiMiJ9fX0\u003d","skullowner":"530c5043-eb73-459b-aaf9-9f91d4924e8b"},{"name":"Sky Blue","value":"eyJ0ZXh0dXJlcyI6eyJTS0lOIjp7InVybCI6Imh0dHA6Ly90ZXh0dXJlcy5taW5lY3JhZnQubmV0L3RleHR1cmUvNDg5Y2U4OTUyNmZjMTI2MjQ2NzhmMzA1NDkzYWE2NWRhOGExYjM2MDU0NmE1MDVkMTE4ZWIxZmFkNzc1In19fQ\u003d\u003d","skullowner":"41227d46-3350-4aea-b3e1-4c7480d891f7"},{"name":"Baby Blue","value":"eyJ0ZXh0dXJlcyI6eyJTS0lOIjp7InVybCI6Imh0dHA6Ly90ZXh0dXJlcy5taW5lY3JhZnQubmV0L3RleHR1cmUvN2QzMWQyMWNiNTQyOTRlZTNhMjA1NjEzN2QxMjNiNTc2Zjc4YmZjNDg3OGNkODE0NGNkNTFlMTkzMWMzOWI1In19fQ\u003d\u003d","skullowner":"76ee0c4a-0a78-4ebb-ab14-31a49227a388"},{"name":"Bright Green","value":"eyJ0ZXh0dXJlcyI6eyJTS0lOIjp7InVybCI6Imh0dHA6Ly90ZXh0dXJlcy5taW5lY3JhZnQubmV0L3RleHR1cmUvMzYxZTViMzMzYzJhMzg2OGJiNmE1OGI2Njc0YTI2MzkzMjM4MTU3MzhlNzdlMDUzOTc3NDE5YWYzZjc3In19fQ\u003d\u003d","skullowner":"aa5f432b-59ee-4db5-b58e-0138280f2860"},{"name":"Green","value":"eyJ0ZXh0dXJlcyI6eyJTS0lOIjp7InVybCI6Imh0dHA6Ly90ZXh0dXJlcy5taW5lY3JhZnQubmV0L3RleHR1cmUvMzZmNjlmN2I3NTM4YjQxZGMzNDM5ZjM2NThhYmJkNTlmYWNjYTM2NmYxOTBiY2YxZDZkMGEwMjZjOGY5NiJ9fX0\u003d","skullowner":"c8fee7ee-b067-48cb-80c8-337a63edd0b1"},{"name":"Grass Green","value":"eyJ0ZXh0dXJlcyI6eyJTS0lOIjp7InVybCI6Imh0dHA6Ly90ZXh0dXJlcy5taW5lY3JhZnQubmV0L3RleHR1cmUvY2FkMDE1OTJjYTQ0MTg5ZjhhYmFkMGMyZWZhM2NhZTZhYWZhZTc2ZGFhYTdlYTQ2NjU1Y2MxMjkzNDg5ZmYifX19","skullowner":"1924b74f-48e6-4b7b-be04-c2e6a815630e"},{"name":"Medium Green","value":"eyJ0ZXh0dXJlcyI6eyJTS0lOIjp7InVybCI6Imh0dHA6Ly90ZXh0dXJlcy5taW5lY3JhZnQubmV0L3RleHR1cmUvMTg1ZmM5N2M3ZGYyNGE2YWE5YzBhYzg5ZmNiMjJiODE3MDBmNTk5ZjQ1YzMyYzdlMzE3OGI0NDQxNzJkZiJ9fX0\u003d","skullowner":"0c711a43-7034-4c36-8126-972e9a0e5449"},{"name":"Dark Green","value":"eyJ0ZXh0dXJlcyI6eyJTS0lOIjp7InVybCI6Imh0dHA6Ly90ZXh0dXJlcy5taW5lY3JhZnQubmV0L3RleHR1cmUvMWNmM2U0MjJiMzIyYjFlOTI0NWI0YjM2ODQzMzA0NWM3YjQzYzkwOWU1ZGQ2Yzc5MmU0YjZiZWRhNTQzMDNjIn19fQ\u003d\u003d","skullowner":"b3ff2b89-e304-40c1-b210-471ccd2d8b5b"},{"name":"Dark Yellow","value":"eyJ0ZXh0dXJlcyI6eyJTS0lOIjp7InVybCI6Imh0dHA6Ly90ZXh0dXJlcy5taW5lY3JhZnQubmV0L3RleHR1cmUvZDQ1YjQ0ZmQxOWQ3MmZiM2Q2ZTE4OWM0OTc4YjFjYTY4N2RiZDY1ODBiMThkZGQ4YWE3MTBlZGZmYTUifX19","skullowner":"58e8acf3-20df-4127-b3e3-d680769f4485"},{"name":"Yellow","value":"eyJ0ZXh0dXJlcyI6eyJTS0lOIjp7InVybCI6Imh0dHA6Ly90ZXh0dXJlcy5taW5lY3JhZnQubmV0L3RleHR1cmUvMTRjNDE0MWMxZWRmM2Y3ZTQxMjM2YmQ2NThjNWJjN2I1YWE3YWJmN2UyYTg1MmI2NDcyNTg4MThhY2Q3MGQ4In19fQ\u003d\u003d","skullowner":"969fce41-6900-4877-8529-169ea6065a8d"},{"name":"Light Orange","value":"eyJ0ZXh0dXJlcyI6eyJTS0lOIjp7InVybCI6Imh0dHA6Ly90ZXh0dXJlcy5taW5lY3JhZnQubmV0L3RleHR1cmUvZDNjZGIxNmFiYjE3NTFkMWE0ODFlZDg3YjU3ZGIzYjg4M2U5OTYxZGEyZjlkNDg1YTI5ODY0ODdlMiJ9fX0\u003d","skullowner":"95dfc63f-0278-4f2e-8094-db1ecf6abdc8"},{"name":"Orange","value":"eyJ0ZXh0dXJlcyI6eyJTS0lOIjp7InVybCI6Imh0dHA6Ly90ZXh0dXJlcy5taW5lY3JhZnQubmV0L3RleHR1cmUvZmVhNTkwYjY4MTU4OWZiOWIwZTg2NjRlZTk0NWI0MWViMzg1MWZhZjY2YWFmNDg1MjVmYmExNjljMzQyNzAifX19","skullowner":"6ed54d22-7274-4ab1-8c2c-aed1395b7633"},{"name":"Light Red","value":"eyJ0ZXh0dXJlcyI6eyJTS0lOIjp7InVybCI6Imh0dHA6Ly90ZXh0dXJlcy5taW5lY3JhZnQubmV0L3RleHR1cmUvNGJhYzc3NTIwYjllZWU2NTA2OGVmMWNkOGFiZWFkYjAxM2I0ZGUzOTUzZmQyOWFjNjhlOTBlNDg2NjIyNyJ9fX0\u003d","skullowner":"f1498cf1-42ff-42fe-83a9-5bab71771c82"},{"name":"Red","value":"eyJ0ZXh0dXJlcyI6eyJTS0lOIjp7InVybCI6Imh0dHA6Ly90ZXh0dXJlcy5taW5lY3JhZnQubmV0L3RleHR1cmUvOTdjMWYxZWFkNGQ1MzFjYWE0YTViMGQ2OWVkYmNlMjlhZjc4OWEyNTUwZTVkZGJkMjM3NzViZTA1ZTJkZjJjNCJ9fX0\u003d","skullowner":"0738e42f-b6aa-4f22-a444-5717a63de4a4"},{"name":"Red","value":"eyJ0ZXh0dXJlcyI6eyJTS0lOIjp7InVybCI6Imh0dHA6Ly90ZXh0dXJlcy5taW5lY3JhZnQubmV0L3RleHR1cmUvM2Y0NmMzMWQ2ZWU2ZWE2MTlmNzJlNzg1MjMyY2IwNDhhYjI3MDQ2MmRiMGNiMTQ1NDUxNDQzNjI1MWMxYSJ9fX0\u003d","skullowner":"27b2c930-daca-4574-a51b-df4f3332396e"},{"name":"Dark Red","value":"eyJ0ZXh0dXJlcyI6eyJTS0lOIjp7InVybCI6Imh0dHA6Ly90ZXh0dXJlcy5taW5lY3JhZnQubmV0L3RleHR1cmUvNTEwMTRlNGY0MWQ3NzI5OTI4ZjIxNTU1NWRhMmVhZjE1OGNlODNkOWUwYzk5NjFiZWY1ZWI3NjEzZDM3ZSJ9fX0\u003d","skullowner":"dadfc3b3-f981-47ab-851c-f14404c7bebb"},{"name":"Azure Blue","value":"eyJ0ZXh0dXJlcyI6eyJTS0lOIjp7InVybCI6Imh0dHA6Ly90ZXh0dXJlcy5taW5lY3JhZnQubmV0L3RleHR1cmUvM2IxOWRjNGQ0Njc4ODJkYmNhMWI1YzM3NDY1ZjBjZmM3MGZmMWY4MjllY2Y0YTg2NTc5NmI4ZTVjMjgwOWEifX19","skullowner":"2a83c29f-748a-4298-aa11-e5022fc62be0"},{"name":"Cyan","value":"eyJ0ZXh0dXJlcyI6eyJTS0lOIjp7InVybCI6Imh0dHA6Ly90ZXh0dXJlcy5taW5lY3JhZnQubmV0L3RleHR1cmUvYmMzNWY3MzA5OGQ1ZjViNDkyYWY4N2Q5YzU3ZmQ4ZGFhMWM4MmNmN2Y5YTdlYjljMzg0OTgxYmQ3NmRkOSJ9fX0\u003d","skullowner":"28408049-4255-46b8-936b-85bc87f68492"},{"name":"Darkish Blue","value":"eyJ0ZXh0dXJlcyI6eyJTS0lOIjp7InVybCI6Imh0dHA6Ly90ZXh0dXJlcy5taW5lY3JhZnQubmV0L3RleHR1cmUvYjgzOWUzODFkOWZlZGFiNmY4YjU5Mzk2YTI3NjQyMzhkY2ViMmY3ZWVhODU2ZGM2ZmM0NDc2N2RhMzgyZjEifX19","skullowner":"79b607e4-be76-4e16-9d12-7cb7d3e905ee"},{"name":"Blue","value":"eyJ0ZXh0dXJlcyI6eyJTS0lOIjp7InVybCI6Imh0dHA6Ly90ZXh0dXJlcy5taW5lY3JhZnQubmV0L3RleHR1cmUvYzk2NTQwY2U3NjIxMjVlMzk4Y2E1M2Q0Y2Q5YjY2ODM5NmQwNDY3ZTEyOGIzMGRhNWFhNjJiZTljZTA2MCJ9fX0\u003d","skullowner":"0d2d7296-5e2e-409e-8d15-c01c8229b83d"},{"name":"Dark Cyan","value":"eyJ0ZXh0dXJlcyI6eyJTS0lOIjp7InVybCI6Imh0dHA6Ly90ZXh0dXJlcy5taW5lY3JhZnQubmV0L3RleHR1cmUvYjc4NGMxNTJiZmMzZTJlMzEzZWYyM2ZjNDZkNDRmY2U0MWU0YWRhZDk0MjFiYWMyZGEzODk0NTExY2MwM2IifX19","skullowner":"fcd3e296-6099-4f47-8e86-021d306c0f47"},{"name":"Dark Blue","value":"eyJ0ZXh0dXJlcyI6eyJTS0lOIjp7InVybCI6Imh0dHA6Ly90ZXh0dXJlcy5taW5lY3JhZnQubmV0L3RleHR1cmUvMTIzMDZhOTg3ODdlNTI2Y2U5NzNiZDU2MTI0ZTY0NWEyZTIzMjlkNTYzZGNmYTY4YTFiZTY1NzY3ZjI5YjUifX19","skullowner":"c64e7996-3e23-48b5-b900-5af87b52bd93"},{"name":"Purple","value":"eyJ0ZXh0dXJlcyI6eyJTS0lOIjp7InVybCI6Imh0dHA6Ly90ZXh0dXJlcy5taW5lY3JhZnQubmV0L3RleHR1cmUvZTkzNTJiY2FiZmMyN2VkYjQ0Y2ViNTFiMDQ3ODY1NDJmMjZhMjk5YTA1Mjk0NzUzNDYxODZlZTk0NzM4ZiJ9fX0\u003d","skullowner":"40939ac8-3abb-40b8-b059-b805db2fd397"},{"name":"Pink","value":"eyJ0ZXh0dXJlcyI6eyJTS0lOIjp7InVybCI6Imh0dHA6Ly90ZXh0dXJlcy5taW5lY3JhZnQubmV0L3RleHR1cmUvODU1NjU0YjNmMWJmYjJjZGYwZjRiNTJkNjM2MGEwM2QzMWRkYWZjNzEwZjhhZmFlYTk5ZmJhNjY3ZTQ4MmRmIn19fQ\u003d\u003d","skullowner":"6780703e-48af-4651-b0ff-e611b1fdaa2a"},{"name":"Magenta","value":"eyJ0ZXh0dXJlcyI6eyJTS0lOIjp7InVybCI6Imh0dHA6Ly90ZXh0dXJlcy5taW5lY3JhZnQubmV0L3RleHR1cmUvOTEzM2ZhNTJkZDc0ZDcxMWU1Mzc0N2RhOTYzYjhhZGVjZjkyZGI5NDZiZTExM2I1NmMzOGIzZGMyNzBlZWIzIn19fQ\u003d\u003d","skullowner":"309c9299-c87a-4b3f-9472-b5df4536b1a0"},{"name":"Pink","value":"eyJ0ZXh0dXJlcyI6eyJTS0lOIjp7InVybCI6Imh0dHA6Ly90ZXh0dXJlcy5taW5lY3JhZnQubmV0L3RleHR1cmUvNzU1N2RiNWYxNWNhNmYzNzAxOTAzY2NhNDAyY2U3N2VjNmY4ODUwMzZiNjgxMmU4Mjg4YWJkN2U5NCJ9fX0\u003d","skullowner":"2cd62dc9-9491-4dd5-8af0-b50eb7df7c67"},{"name":"Pink","value":"eyJ0ZXh0dXJlcyI6eyJTS0lOIjp7InVybCI6Imh0dHA6Ly90ZXh0dXJlcy5taW5lY3JhZnQubmV0L3RleHR1cmUvNjA3MzI2ZDMxODU4ZWE1N2U3YmM1NWYzZTc1ZTZjODViMzRmZjRiZmQyODA4OGY5NGYxMWViOGUwZDFjZiJ9fX0\u003d","skullowner":"05df5069-4ee7-4069-a42c-77a1070ab91b"},{"name":"Cream","value":"eyJ0ZXh0dXJlcyI6eyJTS0lOIjp7InVybCI6Imh0dHA6Ly90ZXh0dXJlcy5taW5lY3JhZnQubmV0L3RleHR1cmUvYmY3NjI5NDAxMWNiZGNkMmU5Mjk0MWRhZmU2YjM3MjZkZmYwMmMzZTFmODRkZmE1N2M2YWJhYjZmYzMzY2U2In19fQ\u003d\u003d","skullowner":"afc2f4ae-3e05-43fc-846c-8894310d0ed7"},{"name":"Mokka","value":"eyJ0ZXh0dXJlcyI6eyJTS0lOIjp7InVybCI6Imh0dHA6Ly90ZXh0dXJlcy5taW5lY3JhZnQubmV0L3RleHR1cmUvYmFkNTk4M2RjYWJjOTMxYWI2YTQ5ZDJmYjg4NzllYmM1Mjk1Y2I1YmEyZjI3OGUzYzhhM2RhN2JjOGI0NzgifX19","skullowner":"a2a9b5b9-da35-40b8-80ce-aee3df9cf70b"},{"name":"Brown","value":"eyJ0ZXh0dXJlcyI6eyJTS0lOIjp7InVybCI6Imh0dHA6Ly90ZXh0dXJlcy5taW5lY3JhZnQubmV0L3RleHR1cmUvNDU3NGE0Njc3MzcyOTViZDlkZGM4MjU0NWExYTRlMTQ2YTk0M2QwNWVjYzgyMWY5Y2M2YTU0M2ZmZTk5MzRhIn19fQ\u003d\u003d","skullowner":"db7c4d90-c6af-4227-9eb2-507b1c649bea"},{"name":"White Block","value":"eyJ0ZXh0dXJlcyI6eyJTS0lOIjp7InVybCI6Imh0dHA6Ly90ZXh0dXJlcy5taW5lY3JhZnQubmV0L3RleHR1cmUvZTVhNzcwZTdlNDRiM2ExZTZjM2I4M2E5N2ZmNjk5N2IxZjViMjY1NTBlOWQ3YWE1ZDUwMjFhMGMyYjZlZSJ9fX0\u003d","skullowner":"47160e62-9eef-4c69-ab91-1ba1fa5dc883"},{"name":"Light Grey","value":"eyJ0ZXh0dXJlcyI6eyJTS0lOIjp7InVybCI6Imh0dHA6Ly90ZXh0dXJlcy5taW5lY3JhZnQubmV0L3RleHR1cmUvMzFjNDVhNTk1NTAxNDNhNDRlZDRlODdjZTI5NTVlNGExM2U5NGNkZmQ0YzY0ZGVlODgxZGZiNDhkZDkyZSJ9fX0\u003d","skullowner":"bfef85fc-9c34-48f8-8b29-51c74e8f44d1"},{"name":"Grey","value":"eyJ0ZXh0dXJlcyI6eyJTS0lOIjp7InVybCI6Imh0dHA6Ly90ZXh0dXJlcy5taW5lY3JhZnQubmV0L3RleHR1cmUvZjJmMDg1YzZiM2NiMjI4ZTViYTgxZGY1NjJjNDc4Njc2MmYzYzI1NzEyN2U5NzI1Yzc3YjdmZDMwMWQzNyJ9fX0\u003d","skullowner":"9b7d4a9f-4dfe-43eb-a4d3-bd75db1ee42a"},{"name":"Black","value":"eyJ0ZXh0dXJlcyI6eyJTS0lOIjp7InVybCI6Imh0dHA6Ly90ZXh0dXJlcy5taW5lY3JhZnQubmV0L3RleHR1cmUvOWRkZWJiYjA2MmY2YTM4NWE5MWNhMDVmMThmNWMwYWNiZTMzZTJkMDZlZTllNzQxNmNlZjZlZTQzZGZlMmZiIn19fQ\u003d\u003d","skullowner":"78bc0b40-5eba-474d-81c1-b0f6b87a26c3"}]