[{"name":"Clock","value":"eyJ0ZXh0dXJlcyI6eyJTS0lOIjp7InVybCI6Imh0dHA6Ly90ZXh0dXJlcy5taW5lY3JhZnQubmV0L3RleHR1cmUvMmRlNGUyNzgzZjg1YTM5MTIyMWRkOTE2NTZiYTY4OGU3ZTQyZDE2ZjZhYmJmYmNmYWQ5Y2E1MzYxN2ZjYTYifX19","skullowner":"f952235c-44a2-4f91-a6aa-0fcf361507ac"},{"name":"Golden Clock","value":"eyJ0ZXh0dXJlcyI6eyJTS0lOIjp7InVybCI6Imh0dHA6Ly90ZXh0dXJlcy5taW5lY3JhZnQubmV0L3RleHR1cmUvNmZlOGNmZjc1ZjdkNDMzMjYwYWYxZWNiMmY3NzNiNGJjMzgxZDk1MWRlNGUyZWI2NjE0MjM3NzlhNTkwZTcyYiJ9fX0\u003d","skullowner":"c0479b63-4eb6-4f07-a685-34e5df12feba"},{"name":"Antique Clock","value":"eyJ0ZXh0dXJlcyI6eyJTS0lOIjp7InVybCI6Imh0dHA6Ly90ZXh0dXJlcy5taW5lY3JhZnQubmV0L3RleHR1cmUvNzg0NzJhMmRjYzIzOWI0YTQ4M2FjNDRjMWRiZjhmZGJhMGZjYTFkMjUzZWI2NDNmYTBiZDkzYWY4M2EzNzMifX19","skullowner":"4d005eae-aa4e-4f0f-abe8-b53151fe6f7a"},{"name":"Gamecube","value":"eyJ0ZXh0dXJlcyI6eyJTS0lOIjp7InVybCI6Imh0dHA6Ly90ZXh0dXJlcy5taW5lY3JhZnQubmV0L3RleHR1cmUvY2MxZTJiODJkYjEwYWQyNWNhNDEzNDVlOTI0NWY1ODQ3ZTc2NzYwY2QyNDVjNDhlNWFmMWZkODk4NWVmOTE1In19fQ\u003d\u003d","skullowner":"995baa38-4956-405d-b025-6676d27f9ce8"},{"name":"Gamecube","value":"eyJ0ZXh0dXJlcyI6eyJTS0lOIjp7InVybCI6Imh0dHA6Ly90ZXh0dXJlcy5taW5lY3JhZnQubmV0L3RleHR1cmUvZTA2M2EwZWJiMmQ4MDEwMjczYjZjNDViNjRlODRkODNiMWU0M2UyY2E1ZGZiMmE2ZmQ4MzhjM2Y4ODgyN2QifX19","skullowner":"ce4eab67-3e7c-4559-bcdf-f0811f435247"},{"name":"Security Camera","value":"eyJ0ZXh0dXJlcyI6eyJTS0lOIjp7InVybCI6Imh0dHA6Ly90ZXh0dXJlcy5taW5lY3JhZnQubmV0L3RleHR1cmUvMmYxNTlhMWNiZTE3M2Q5MjczOTJmYTY1ZmNmZTc4NTUzZDgxYWE1ZGMyOTQ5NWI5ZmJiYWRlMzYyZjhiZjkifX19","skullowner":"c4a226e0-067b-4b6d-96b9-0f07f4b2e76e"},{"name":"Camera","value":"eyJ0ZXh0dXJlcyI6eyJTS0lOIjp7InVybCI6Imh0dHA6Ly90ZXh0dXJlcy5taW5lY3JhZnQubmV0L3RleHR1cmUvZWE3ZDJhN2ZiYjRkMzdiNGQ1M2ZlODc3NTcxMjhlNWVmNjZlYzIzZDdmZjRmZTk5NDQ1NDZkYmM4Y2U3NzcifX19","skullowner":"b9161c71-513a-46f2-a046-20ecfa74f649"},{"name":"Speaker","value":"eyJ0ZXh0dXJlcyI6eyJTS0lOIjp7InVybCI6Imh0dHA6Ly90ZXh0dXJlcy5taW5lY3JhZnQubmV0L3RleHR1cmUvZmY3YmVjZjE3MThlOWE2MDk2ZWU1ZjljYjdhYmViNmNmZDk0ODhjNDRhMzExNjQwN2M5MmVjMzNhZDdkODUyMSJ9fX0\u003d","skullowner":"2ba86606-242e-4774-971f-cadf3a2e1d10"},{"name":"Headlight","value":"eyJ0ZXh0dXJlcyI6eyJTS0lOIjp7InVybCI6Imh0dHA6Ly90ZXh0dXJlcy5taW5lY3JhZnQubmV0L3RleHR1cmUvNTllOWM5MjQ2ZjFiYTVhNDFlNTNlZmE2OGIyYmQ1NmE3MGRhMzA4ZjM5MzQ4N2RjZjZmZTc1Njc5OWIzYzcifX19","skullowner":"5b1ee371-f921-4eff-a638-96e2cb37321d"},{"name":"Ceiling Lamp","value":"eyJ0ZXh0dXJlcyI6eyJTS0lOIjp7InVybCI6Imh0dHA6Ly90ZXh0dXJlcy5taW5lY3JhZnQubmV0L3RleHR1cmUvZjA4OTYzOTBjNDkyMWJmODg5YTI5Y2ZkMTg0MmFiZjllZjdmODRlNWEyMmZiY2U3ZTY0ODkxZGI0MTY2NmJjIn19fQ\u003d\u003d","skullowner":"1451ea35-8afe-469b-acb5-0b8ffd4a7e2a"},{"name":"Microwave","value":"eyJ0ZXh0dXJlcyI6eyJTS0lOIjp7InVybCI6Imh0dHA6Ly90ZXh0dXJlcy5taW5lY3JhZnQubmV0L3RleHR1cmUvYTc2ZmE2MzZjNTRlMzYwODVmZTJmYTQ2ZGM5NjYyMTVjMTU3MjJiYjc2NGEyZWVlODRjZmU4NDc2Y2FmNzEifX19","skullowner":"1d049d2d-2737-4969-b9bd-301062e785ed"},{"name":"Computer","value":"eyJ0ZXh0dXJlcyI6eyJTS0lOIjp7InVybCI6Imh0dHA6Ly90ZXh0dXJlcy5taW5lY3JhZnQubmV0L3RleHR1cmUvOGFlNTJhZThjOThhYzE5ZmQwNzYzN2E0NjlmZmEyNTZhYjBiM2IxMGVjZTYyNDMxODYxODhiYTM4ZGYxNTQifX19","skullowner":"81c080fd-022b-477c-9f24-f637324d4c4c"},{"name":"Computer","value":"eyJ0ZXh0dXJlcyI6eyJTS0lOIjp7InVybCI6Imh0dHA6Ly90ZXh0dXJlcy5taW5lY3JhZnQubmV0L3RleHR1cmUvOWM5YTkxYTc0ZDNhMWJiMWQ3ODVmNWJkYzhkODI2ZGUzYjJmZGRjNmExZmFkMTI5MjNmZDA2ZWM4NGY0OTllIn19fQ\u003d\u003d","skullowner":"6078a2eb-756d-49d1-87d3-b9e782c62153"},{"name":"Monitor","value":"eyJ0ZXh0dXJlcyI6eyJTS0lOIjp7InVybCI6Imh0dHA6Ly90ZXh0dXJlcy5taW5lY3JhZnQubmV0L3RleHR1cmUvZWQxZTk5NzkyODlmMDMwOTlhN2M1ODdkNTJkNDg4ZTI2ZTdiYjE3YWI1OTRiNjlmOTI0MzhkNzdlYWJjIn19fQ\u003d\u003d","skullowner":"df045cc0-7ec9-4cbc-8219-2ea32ee0cd84"},{"name":"Monitor","value":"eyJ0ZXh0dXJlcyI6eyJTS0lOIjp7InVybCI6Imh0dHA6Ly90ZXh0dXJlcy5taW5lY3JhZnQubmV0L3RleHR1cmUvMTVjMjkyYTI0ZjU0YTdhNDM3ODUyNjY1NTJkYmE3YTE4NGY5YzUwZTBkOTRiMzM3ZDhkM2U3NmU5ZTljY2U3In19fQ\u003d\u003d","skullowner":"6522a7fd-3649-4d2c-a6b4-3c24e546da48"},{"name":"Old Radio","value":"eyJ0ZXh0dXJlcyI6eyJTS0lOIjp7InVybCI6Imh0dHA6Ly90ZXh0dXJlcy5taW5lY3JhZnQubmV0L3RleHR1cmUvNGMzYzg1MTc1MTZmOGQ4ZTgwNjc3ODFlN2M2MmVlYTI3ZGU0NzhiMTRjNGE2OGM4ZThjMWFkOGFmMWJhZTIxIn19fQ\u003d\u003d","skullowner":"bddea199-e7e3-4c7b-a3fb-64f40cb1cbdf"},{"name":"Computer","value":"eyJ0ZXh0dXJlcyI6eyJTS0lOIjp7InVybCI6Imh0dHA6Ly90ZXh0dXJlcy5taW5lY3JhZnQubmV0L3RleHR1cmUvMTg2ZjcyYzE2YjFlOWZlNmUwOTllNzZiNWY3YTg4NGZiNzgyY2ZjYzU4OGM5NWM0ZTM4M2RjNTI3ZDFiODQifX19","skullowner":"5a929f7f-1a74-4d25-860d-40ff532acfbe"},{"name":"Monitor","value":"eyJ0ZXh0dXJlcyI6eyJTS0lOIjp7InVybCI6Imh0dHA6Ly90ZXh0dXJlcy5taW5lY3JhZnQubmV0L3RleHR1cmUvNmQ2YzY1YjQ0YzM0YjFhY2MyY2NiMzQ2NzUyMzk3MTI1ZjBkOWZmYTBhYjNjNTBhOTlkMWRiM2I3NGM2MyJ9fX0\u003d","skullowner":"7a6da744-735f-45fd-a1af-1895da27f94b"},{"name":"Toaster","value":"eyJ0ZXh0dXJlcyI6eyJTS0lOIjp7InVybCI6Imh0dHA6Ly90ZXh0dXJlcy5taW5lY3JhZnQubmV0L3RleHR1cmUvYmI1M2U4ZDM3NGI0ZjZmNTczZDEyODY2ODFiZjg0MTA1NWI4OWE0NjJmN2NkZDk5ZThlNjNkMmY1MTRlNDUifX19","skullowner":"eed7f9fd-3174-45a3-83dc-cff99e965f15"},{"name":"Toaster","value":"eyJ0ZXh0dXJlcyI6eyJTS0lOIjp7InVybCI6Imh0dHA6Ly90ZXh0dXJlcy5taW5lY3JhZnQubmV0L3RleHR1cmUvNTQzZmU4ODAyZWRiMmU5ODFhZTZlZDRkZmFiYTNlYWI3OWFhOGZhY2Y5YWJkYzM4MTI2ODk2ZGViZWI3YzZiIn19fQ\u003d\u003d","skullowner":"5654427c-b4b2-4a0c-a963-93ac2884fc76"},{"name":"Camera","value":"eyJ0ZXh0dXJlcyI6eyJTS0lOIjp7InVybCI6Imh0dHA6Ly90ZXh0dXJlcy5taW5lY3JhZnQubmV0L3RleHR1cmUvMjA3YmQzOGYxNmIzODBjODgyZjhjMjgzMTVlYmVkMjU2MWFkYWIyZmRiOTk2YjJjYzBkNzQ3ZjY0YmM0ZWI4In19fQ\u003d\u003d","skullowner":"6a25739e-94c9-4c94-8f8b-20f666bd080f"},{"name":"Telephone","value":"eyJ0ZXh0dXJlcyI6eyJTS0lOIjp7InVybCI6Imh0dHA6Ly90ZXh0dXJlcy5taW5lY3JhZnQubmV0L3RleHR1cmUvODI0NDJiYmY3MTcxYjVjYWZjYTIxN2M5YmE0NGNlMjc2NDcyMjVkZjc2Y2RhOTY4OWQ2MWE5ZjFjMGE1ZjE3NiJ9fX0\u003d","skullowner":"a15f8f85-3f97-4c4e-a61d-43b5ad6aafec"},{"name":"Old Camera","value":"eyJ0ZXh0dXJlcyI6eyJTS0lOIjp7InVybCI6Imh0dHA6Ly90ZXh0dXJlcy5taW5lY3JhZnQubmV0L3RleHR1cmUvZDNhMGZlYjYyNmU1NjdlNDc5NTc2ZjRmZjU0M2UxNmU5YjM2YTczMDQ4OTFiMmYzMjkzZWFhOGI2ODczNWE0In19fQ\u003d\u003d","skullowner":"59b0471f-ba49-4976-acd5-44e8b9e9ffaa"},{"name":"Lantern","value":"eyJ0ZXh0dXJlcyI6eyJTS0lOIjp7InVybCI6Imh0dHA6Ly90ZXh0dXJlcy5taW5lY3JhZnQubmV0L3RleHR1cmUvN2NjMjE3YTliOWUzY2UzY2QwNDg0YzdlOGNlNDlkMWNmNzQxMjgxYmRkYTVhNGQ2Y2I4MjFmMzc4NzUyNzE4In19fQ\u003d\u003d","skullowner":"8c0662db-972a-4039-a360-3dc1a938390d"},{"name":"Lantern-off","value":"eyJ0ZXh0dXJlcyI6eyJTS0lOIjp7InVybCI6Imh0dHA6Ly90ZXh0dXJlcy5taW5lY3JhZnQubmV0L3RleHR1cmUvZDJjODFiNDM1ZGMyMmQyOWQ0Nzc4ZmZkMjJmZWI4NDZhNjhiNjQ4ZGQxYWY1ZGU4MThiNTE3ZjA1NzRkIn19fQ\u003d\u003d","skullowner":"b74968df-8511-4dec-b5d7-58f31e2144c4"},{"name":"Showerhead","value":"eyJ0ZXh0dXJlcyI6eyJTS0lOIjp7InVybCI6Imh0dHA6Ly90ZXh0dXJlcy5taW5lY3JhZnQubmV0L3RleHR1cmUvMWM2ODRjZjFiYjk0NTNkOWUyZjNlZDJiMmNiYzdkMzQzZDhjMzI3M2QxMWRmZWRjZTM2NzllOWU1MzRhNGJlIn19fQ\u003d\u003d","skullowner":"db3d2f45-58f2-43aa-bc4d-e23be9605d14"},{"name":"Aquarium","value":"eyJ0ZXh0dXJlcyI6eyJTS0lOIjp7InVybCI6Imh0dHA6Ly90ZXh0dXJlcy5taW5lY3JhZnQubmV0L3RleHR1cmUvYzI4NDdjZDU3MTdlNWY1YTY0ZTFiYTljYjQ4MWRjOWUyMmM3OGNhMjNmODUxNmQ1NTNmNTU0MTJmYTExM2UwIn19fQ\u003d\u003d","skullowner":"89abda82-5116-4a40-88c1-c986028d4c0f"},{"name":"Instagram","value":"eyJ0ZXh0dXJlcyI6eyJTS0lOIjp7InVybCI6Imh0dHA6Ly90ZXh0dXJlcy5taW5lY3JhZnQubmV0L3RleHR1cmUvMjViM2YyY2ZhMDczOWM0ZTgyODMxNmYzOWY5MGIwNWJjMWY0ZWQyN2IxZTM1ODg4NTExZjU1OGQ0Njc1In19fQ\u003d\u003d","skullowner":"5e469ecf-80a4-40ae-8d9d-7c12bd2d3a3f"},{"name":"Siren","value":"eyJ0ZXh0dXJlcyI6eyJTS0lOIjp7InVybCI6Imh0dHA6Ly90ZXh0dXJlcy5taW5lY3JhZnQubmV0L3RleHR1cmUvYTZiMjIxYmU4OTY3OGQ1ODU2ZWFhNjg2NjdmOTg2ODMxNzViY2NlNjc0MWY4MmM2MmU3M2YwNDQxNjYzNjcifX19","skullowner":"5ae828fd-f472-4f9d-bc23-5f58ce5790d3"},{"name":"Police Siren","value":"eyJ0ZXh0dXJlcyI6eyJTS0lOIjp7InVybCI6Imh0dHA6Ly90ZXh0dXJlcy5taW5lY3JhZnQubmV0L3RleHR1cmUvZDRiZjY0M2NmYjQxZWU1ZjllNjE4ZGU5Nzg5Y2M2ZDg1YzJlOTUzZjQ0NTY3ZTRlMmQzYjE5YTc5ZTg0MyJ9fX0\u003d","skullowner":"5e1f20a6-f3db-4de0-afe9-758a300e2ec7"},{"name":"Computer","value":"eyJ0ZXh0dXJlcyI6eyJTS0lOIjp7InVybCI6Imh0dHA6Ly90ZXh0dXJlcy5taW5lY3JhZnQubmV0L3RleHR1cmUvOGQxOWM2ODQ2MTY2NmFhY2Q3NjI4ZTM0YTFlMmFkMzlmZTRmMmJkZTMyZTIzMTk2M2VmM2IzNTUzMyJ9fX0\u003d","skullowner":"3df1246e-bf36-46c7-b677-f7bafcde2fe5"},{"name":"Broken TV","value":"eyJ0ZXh0dXJlcyI6eyJTS0lOIjp7InVybCI6Imh0dHA6Ly90ZXh0dXJlcy5taW5lY3JhZnQubmV0L3RleHR1cmUvYTI0N2M4NzY0ODgxNjdjNzRjYjk0OGFiMTE4MWU2YmVmOWU0YzhkNzU3M2MxOTFhYWFiNGU1Y2M3NWIwOWQifX19","skullowner":"843c0514-838e-4e87-9fd8-4206e9231b21"},{"name":"Broken TV","value":"eyJ0ZXh0dXJlcyI6eyJTS0lOIjp7InVybCI6Imh0dHA6Ly90ZXh0dXJlcy5taW5lY3JhZnQubmV0L3RleHR1cmUvMjAxN2JjNDhmZTNjZGM5MDg1YTBlMTEwZmUxZjYyODQyNmEwOTc3NTc0NzM5OGRlNTcyNGU3MzU4NmJkIn19fQ\u003d\u003d","skullowner":"2f527600-828b-4262-a084-b637c84b7385"},{"name":"Broken TV","value":"eyJ0ZXh0dXJlcyI6eyJTS0lOIjp7InVybCI6Imh0dHA6Ly90ZXh0dXJlcy5taW5lY3JhZnQubmV0L3RleHR1cmUvY2M5OWQ4ZmJhZDExZjliNzMzNDBiY2MxYWRmNmRkMjhmNjdmNzU0YjUyY2U0ZTUwMmI0ZmUwMmIxNmIxODM0In19fQ\u003d\u003d","skullowner":"cca3abf8-4db0-4451-946e-c38f78c2d50f"},{"name":"Broken TV","value":"eyJ0ZXh0dXJlcyI6eyJTS0lOIjp7InVybCI6Imh0dHA6Ly90ZXh0dXJlcy5taW5lY3JhZnQubmV0L3RleHR1cmUvNDVlOWJkNDI1ZmJkMzlhOTRjMzBiZjVhZWIzMDFkYjE4NjcxMzMyMjc2MWZjODJhNzZmYjYxNjg3OTM0OTAifX19","skullowner":"6ed9034b-059d-416b-8b4c-dac5597f6452"},{"name":"Broken TV","value":"eyJ0ZXh0dXJlcyI6eyJTS0lOIjp7InVybCI6Imh0dHA6Ly90ZXh0dXJlcy5taW5lY3JhZnQubmV0L3RleHR1cmUvYmUzZGIyN2NiZDE3ODkzMTA0MDkwODFhZDhjNDJkNjkwYjA4OTYxYjU1Y2FkZDQ1YjQyZDQ2YmNhMjhiOCJ9fX0\u003d","skullowner":"87060e26-3d69-4bee-a46d-76df250ee493"},{"name":"Police Siren","value":"eyJ0ZXh0dXJlcyI6eyJTS0lOIjp7InVybCI6Imh0dHA6Ly90ZXh0dXJlcy5taW5lY3JhZnQubmV0L3RleHR1cmUvY2EzNWFmYTU4NjMxNjA5NzkxZmZlMjVmM2E4NzlkZmJmZmVhMTE1MWY4N2JmZjYyYzU0MjNlZDYxMzZlZTAifX19","skullowner":"e8297346-5aca-4ae8-b2a3-e341b6d0921f"},{"name":"Clock","value":"eyJ0ZXh0dXJlcyI6eyJTS0lOIjp7InVybCI6Imh0dHA6Ly90ZXh0dXJlcy5taW5lY3JhZnQubmV0L3RleHR1cmUvZGE2YWU1YjM0YzRmNzlhNWY5ZWQ2Y2NjMzNiYzk4MWZjNDBhY2YyYmZjZDk1MjI2NjRmZTFjNTI0ZDJlYjAifX19","skullowner":"e8ec3c51-e0e5-4f6f-b8ad-7ca1639bf59e"},{"name":"Computer","value":"eyJ0ZXh0dXJlcyI6eyJTS0lOIjp7InVybCI6Imh0dHA6Ly90ZXh0dXJlcy5taW5lY3JhZnQubmV0L3RleHR1cmUvOWNjZWZkNWYyYTk0ZjI0MjgxOTg1OGE5NjU1NWExM2JhZWJhOWRhZThkNDY3ZjQwNjE5NzRlZTk5OWI2OTU5YiJ9fX0\u003d","skullowner":"39140167-d278-419a-977c-57337e2e115c"},{"name":"Computer","value":"eyJ0ZXh0dXJlcyI6eyJTS0lOIjp7InVybCI6Imh0dHA6Ly90ZXh0dXJlcy5taW5lY3JhZnQubmV0L3RleHR1cmUvZmVkNGFlNzU3ZjIzNDQ1YjVjOTMzNWNjNWE4ZjdmN2M2ZjlhNWFlZTg1YmI2OWZlOTdmNTgxZGFmYjE4ZDMwIn19fQ\u003d\u003d","skullowner":"35154f7d-0e43-4b65-80b2-13dca69b0626"},{"name":"C4 Explosive","value":"eyJ0ZXh0dXJlcyI6eyJTS0lOIjp7InVybCI6Imh0dHA6Ly90ZXh0dXJlcy5taW5lY3JhZnQubmV0L3RleHR1cmUvOGRhMzMyYWJkZTMzM2ExNWE2YzZmY2ZlY2E4M2YwMTU5ZWE5NGI2OGU4ZjI3NGJhZmMwNDg5MmI2ZGJmYyJ9fX0\u003d","skullowner":"8b8fcca0-6880-4108-a46a-5a21320e0d7c"},{"name":"Monitor","value":"eyJ0ZXh0dXJlcyI6eyJTS0lOIjp7InVybCI6Imh0dHA6Ly90ZXh0dXJlcy5taW5lY3JhZnQubmV0L3RleHR1cmUvYzc0MTcwYzY2YmYzMTQwZjIzNGIzMjJhZGQ3MjRjNWRmNjk0OWE5MjA5ZjgwN2ViZjg2ZDRmOWM4YzFlMTc4In19fQ\u003d\u003d","skullowner":"8686afe6-e01a-46b3-9b37-3c740964b637"},{"name":"GameCube","value":"eyJ0ZXh0dXJlcyI6eyJTS0lOIjp7InVybCI6Imh0dHA6Ly90ZXh0dXJlcy5taW5lY3JhZnQubmV0L3RleHR1cmUvMTI1NmY3ZmY1MmU3YmZkODE4N2I4M2RkMzRkZjM0NTAyOTUyYjhkYjlmYWZiNzI4OGViZWJiNmU3OGVmMTVmIn19fQ\u003d\u003d","skullowner":"6998d903-472f-48c6-8df0-8fde000d5ab5"},{"name":"Computer","value":"eyJ0ZXh0dXJlcyI6eyJTS0lOIjp7InVybCI6Imh0dHA6Ly90ZXh0dXJlcy5taW5lY3JhZnQubmV0L3RleHR1cmUvNTNkYTM5ZTU1NmM5Mjc5OTAzODRmYWExZmViM2I4MjUyNTJkYWM3OGNkMjg4Nzc5Y2RlMTExN2MzN2E4In19fQ\u003d\u003d","skullowner":"1cc1a38d-550e-447f-86bc-1181d277fe02"},{"name":"Clock","value":"eyJ0ZXh0dXJlcyI6eyJTS0lOIjp7InVybCI6Imh0dHA6Ly90ZXh0dXJlcy5taW5lY3JhZnQubmV0L3RleHR1cmUvYmZlNGVkODM3ODQ5ZGVhODQwY2Q0Zjk5MjlmZGQxNTE5ZDE0YjVkZGUzODAzNTU5ZTdmNjNkMjdmMWU2ZjI5In19fQ\u003d\u003d","skullowner":"a9208479-f451-4a46-9dbb-219eba4c9dbf"},{"name":"Black Clock","value":"eyJ0ZXh0dXJlcyI6eyJTS0lOIjp7InVybCI6Imh0dHA6Ly90ZXh0dXJlcy5taW5lY3JhZnQubmV0L3RleHR1cmUvYmExMGRhNTI2ZTUxMTFjZmI2ZTNlYmQ0NzY5M2UxNjJkZDUyZDQxYTIxODIwMjhkYWE3YzJiMTlhYTMxNDMifX19","skullowner":"30e58370-2f88-435d-9bb6-a6ee17802d56"},{"name":"Hot Toaster","value":"eyJ0ZXh0dXJlcyI6eyJTS0lOIjp7InVybCI6Imh0dHA6Ly90ZXh0dXJlcy5taW5lY3JhZnQubmV0L3RleHR1cmUvOWVkNmZmNGQwZjJmZDkxODQ3YTgzNmU0NzZhY2Y4ZDRhZmJhZGY0ZDg0MWUwY2Q0ODc0NmY3MzQ3Y2Y0MiJ9fX0\u003d","skullowner":"e21d3410-6af7-4842-bfb5-34034d1ad581"},{"name":"Keypad","value":"eyJ0ZXh0dXJlcyI6eyJTS0lOIjp7InVybCI6Imh0dHA6Ly90ZXh0dXJlcy5taW5lY3JhZnQubmV0L3RleHR1cmUvYjAxYTU2OGViYTdlNDUzYjU1ZjE1NTQ1ZjVlMzVmZmFiODc5MWFhY2Y5MDM0YWZiYmJlNGJkZGIyMWZhNTAifX19","skullowner":"d54aa6ee-009c-4497-a8e8-31c85e26a019"},{"name":"Speakers","value":"eyJ0ZXh0dXJlcyI6eyJTS0lOIjp7InVybCI6Imh0dHA6Ly90ZXh0dXJlcy5taW5lY3JhZnQubmV0L3RleHR1cmUvMmU5OWY2Njk3MjVkMjM1ODYzNmFlMmY1YmMzNDM5ZDY2Nzg0OWRhYTg0NjJhZjkzYTQyZTIxMmFmMTJiMmEifX19","skullowner":"6b87c6e1-3cb7-4f9c-a98d-346bd75a6b21"},{"name":"Blender","value":"eyJ0ZXh0dXJlcyI6eyJTS0lOIjp7InVybCI6Imh0dHA6Ly90ZXh0dXJlcy5taW5lY3JhZnQubmV0L3RleHR1cmUvOTg2MzYxMjNiMWEzNzU1YWJkOGFlZjZkODViMmE4NWJmMTBmNDg2ZWRlZmRkMWEzY2VmNzY3OWQ4MjUifX19","skullowner":"fa1f6b6a-6e39-40b9-b0b4-1b734eb87284"}]