[{"name":"Nutella","value":"eyJ0ZXh0dXJlcyI6eyJTS0lOIjp7InVybCI6Imh0dHA6Ly90ZXh0dXJlcy5taW5lY3JhZnQubmV0L3RleHR1cmUvNTE1ZGNiMmRhMDJjZjczNDgyOWUxZTI3M2UzMDI1NjE3ZDgwNzE1MTZmOTUzMjUxYjUyNTQ1ZGE4ZDNlOGRiOCJ9fX0\u003d","skullowner":"014df015-7eba-4ad0-a0e0-83164b7a45f2"},{"name":"Vegemite","value":"eyJ0ZXh0dXJlcyI6eyJTS0lOIjp7InVybCI6Imh0dHA6Ly90ZXh0dXJlcy5taW5lY3JhZnQubmV0L3RleHR1cmUvYWU4ODkwODc0YTMwNjZmNDI2ZTY2ZTM3NDM4ZjQ1YWIyOWE1YmYyNTgyZGI3M2NiNGNmZjY5NTRhNTc4ZWYifX19","skullowner":"3fd44f85-9f07-4a4e-9854-ee57476ce1b8"},{"name":"Bread","value":"eyJ0ZXh0dXJlcyI6eyJTS0lOIjp7InVybCI6Imh0dHA6Ly90ZXh0dXJlcy5taW5lY3JhZnQubmV0L3RleHR1cmUvZjM0ODdkNDU3ZjkwNjJkNzg3YTNlNmNlMWM0NjY0YmY3NDAyZWM2N2RkMTExMjU2ZjE5YjM4Y2U0ZjY3MCJ9fX0\u003d","skullowner":"a75e3f60-2242-4429-8ece-bcde7753b064"},{"name":"Cheese","value":"eyJ0ZXh0dXJlcyI6eyJTS0lOIjp7InVybCI6Imh0dHA6Ly90ZXh0dXJlcy5taW5lY3JhZnQubmV0L3RleHR1cmUvOTU1ZDYxMWE4NzhlODIxMjMxNzQ5YjI5NjU3MDhjYWQ5NDI2NTA2NzJkYjA5ZTI2ODQ3YTg4ZTJmYWMyOTQ2In19fQ\u003d\u003d","skullowner":"9c919b83-f3fe-456f-a824-7d1d08cc8bd2"},{"name":"Strawberry Jam","value":"eyJ0ZXh0dXJlcyI6eyJTS0lOIjp7InVybCI6Imh0dHA6Ly90ZXh0dXJlcy5taW5lY3JhZnQubmV0L3RleHR1cmUvYzBiOGI1ODg5ZWUxYzYzODhkYzZjMmM1ZGJkNzBiNjk4NGFlZmU1NDMxOWEwOTVlNjRkYjc2MzgwOTdiODIxIn19fQ\u003d\u003d","skullowner":"adc3ea73-5b42-4fea-a237-4a72b52dd72b"},{"name":"Pancakes","value":"eyJ0ZXh0dXJlcyI6eyJTS0lOIjp7InVybCI6Imh0dHA6Ly90ZXh0dXJlcy5taW5lY3JhZnQubmV0L3RleHR1cmUvMzQ3ZjRmNWE3NGM2NjkxMjgwY2Q4MGU3MTQ4YjQ5YjJjZTE3ZGNmNjRmZDU1MzY4NjI3ZjVkOTJhOTc2YTZhOCJ9fX0\u003d","skullowner":"78f0c232-7d83-4987-9e34-e15f421ceef9"},{"name":"Cake","value":"eyJ0ZXh0dXJlcyI6eyJTS0lOIjp7InVybCI6Imh0dHA6Ly90ZXh0dXJlcy5taW5lY3JhZnQubmV0L3RleHR1cmUvZjkxMzY1MTRmMzQyZTdjNTIwOGExNDIyNTA2YTg2NjE1OGVmODRkMmIyNDkyMjAxMzllOGJmNjAzMmUxOTMifX19","skullowner":"534c47c4-d04d-416a-bf99-c3efd621d668"},{"name":"Cake","value":"eyJ0ZXh0dXJlcyI6eyJTS0lOIjp7InVybCI6Imh0dHA6Ly90ZXh0dXJlcy5taW5lY3JhZnQubmV0L3RleHR1cmUvNDU2MWRlZDhkODM4NWI5MTNhMDkxYWVmNDc4M2ZjY2JmZDNkMzhlZGQ5MGIyZTg5YjcyM2I1YTU3NDM0YmY0In19fQ\u003d\u003d","skullowner":"89fda3a9-8fb2-49f6-b414-7a9a859c247a"},{"name":"Can of Soup","value":"eyJ0ZXh0dXJlcyI6eyJTS0lOIjp7InVybCI6Imh0dHA6Ly90ZXh0dXJlcy5taW5lY3JhZnQubmV0L3RleHR1cmUvZmM5MWY5NTA3YjQ4YjZmNzE5NzE0ZmJhYmE3N2NmNjg1MzRhYTViNzI4MzcxYjExODY2ZDU1ZmY4MzNhN2YifX19","skullowner":"97d1ca03-8958-4dea-80fa-f4019ebb5d51"},{"name":"Cup of Milk","value":"eyJ0ZXh0dXJlcyI6eyJTS0lOIjp7InVybCI6Imh0dHA6Ly90ZXh0dXJlcy5taW5lY3JhZnQubmV0L3RleHR1cmUvZDdhYjYyZmI3NzE4OTM1MjU0MWRkOTVhOGVlN2UzNjMxZjdjMTY1OGY0NjNmNjYxNjgwYzI4MzQ5M2Q4YSJ9fX0\u003d","skullowner":"84d4a877-45bf-4461-8667-1c443bbe696a"},{"name":"Chocolate Muffin","value":"eyJ0ZXh0dXJlcyI6eyJTS0lOIjp7InVybCI6Imh0dHA6Ly90ZXh0dXJlcy5taW5lY3JhZnQubmV0L3RleHR1cmUvODM3OTRjNzM2ZmM3NmU0NTcwNjgzMDMyNWI5NTk2OTQ2NmQ4NmY4ZDdiMjhmY2U4ZWRiMmM3NWUyYWIyNWMifX19","skullowner":"44b7a5ee-e804-4a9f-b163-837a212f216c"},{"name":"Muffin","value":"eyJ0ZXh0dXJlcyI6eyJTS0lOIjp7InVybCI6Imh0dHA6Ly90ZXh0dXJlcy5taW5lY3JhZnQubmV0L3RleHR1cmUvMzQzMjE2YjNhZDJmNDc1N2EyM2MzYTI0Y2RhZjhjZTg3YmM0MjFkNGI2ZThiYzJjZTY0MmFhNDgwM2U5OSJ9fX0\u003d","skullowner":"a77b189f-c30a-4962-8647-5cecac71c024"},{"name":"Oreo Sandwich","value":"eyJ0ZXh0dXJlcyI6eyJTS0lOIjp7InVybCI6Imh0dHA6Ly90ZXh0dXJlcy5taW5lY3JhZnQubmV0L3RleHR1cmUvZGZkNzFlMjBmYzUwYWJmMGRlMmVmN2RlY2ZjMDFjZTI3YWQ1MTk1NTc1OWUwNzJjZWFhYjk2MzU1ZjU5NGYwIn19fQ\u003d\u003d","skullowner":"37dd5612-efdb-4f4b-bb55-9040a4403ff8"},{"name":"Cookie","value":"eyJ0ZXh0dXJlcyI6eyJTS0lOIjp7InVybCI6Imh0dHA6Ly90ZXh0dXJlcy5taW5lY3JhZnQubmV0L3RleHR1cmUvYjU5MmNmOWY0MmE1YThjOTk1OTY4NDkzZmRkMWIxMWUwYjY5YWFkNjQ3M2ZmNDUzODRhYmU1OGI3ZmM3YzcifX19","skullowner":"e0982397-09b4-4670-a6a1-db670fd2593d"},{"name":"Candy Cane","value":"eyJ0ZXh0dXJlcyI6eyJTS0lOIjp7InVybCI6Imh0dHA6Ly90ZXh0dXJlcy5taW5lY3JhZnQubmV0L3RleHR1cmUvNGNjM2Y3ODFjOTIzYTI4ODdmMTRjMWVlYTExMDUwMTY2OTY2ZjI2MDI1Nzg0MDFmMTQ1MWU2MDk3Yjk3OWRmIn19fQ\u003d\u003d","skullowner":"201bdf0f-79ec-444f-a5ec-1a855fcddaf7"},{"name":"Chocolatebar","value":"eyJ0ZXh0dXJlcyI6eyJTS0lOIjp7InVybCI6Imh0dHA6Ly90ZXh0dXJlcy5taW5lY3JhZnQubmV0L3RleHR1cmUvODE5Zjk0OGQxNzcxOGFkYWNlNWRkNmUwNTBjNTg2MjI5NjUzZmVmNjQ1ZDcxMTNhYjk0ZDE3YjYzOWNjNDY2In19fQ\u003d\u003d","skullowner":"eaa47b1d-cb57-48c8-af33-cf4fd9872341"},{"name":"Chocolatebar","value":"eyJ0ZXh0dXJlcyI6eyJTS0lOIjp7InVybCI6Imh0dHA6Ly90ZXh0dXJlcy5taW5lY3JhZnQubmV0L3RleHR1cmUvMWVkNTUyNjBkY2NjOGRhNTkzMzhjNzVlNDFkNTQ0YTJlMWU3ZGJlZjMxYTY5ZmU0MmMwMWIzMjk4YmYyZCJ9fX0\u003d","skullowner":"91f8d9e9-0514-4319-902f-f2662f4df272"},{"name":"Half Citrus","value":"eyJ0ZXh0dXJlcyI6eyJTS0lOIjp7InVybCI6Imh0dHA6Ly90ZXh0dXJlcy5taW5lY3JhZnQubmV0L3RleHR1cmUvZWRmNDEwZmRmMjEyOTY0YTU2MDZjYTBhMWI0NzczMDkyMjc3NWNhN2Y5NzYzZTVhZWE5YTNhYjQ0OWI2ZWMifX19","skullowner":"ac578009-286d-402a-9280-ccd9d8e57ce4"},{"name":"Cherry","value":"eyJ0ZXh0dXJlcyI6eyJTS0lOIjp7InVybCI6Imh0dHA6Ly90ZXh0dXJlcy5taW5lY3JhZnQubmV0L3RleHR1cmUvZDUyNTcwNzY5NmJjZDE1YTE3MzA1NmZhMzkyOTZlODBmZjQxMTY4YmIwYWRkNTUyZjQ1MjNlMjU1OGEzMTE5In19fQ\u003d\u003d","skullowner":"06ebcfbe-0ea9-4d1f-a0f2-04ac2a98dc5a"},{"name":"Apple","value":"eyJ0ZXh0dXJlcyI6eyJTS0lOIjp7InVybCI6Imh0dHA6Ly90ZXh0dXJlcy5taW5lY3JhZnQubmV0L3RleHR1cmUvY2JiMzExZjNiYTFjMDdjM2QxMTQ3Y2QyMTBkODFmZTExZmQ4YWU5ZTNkYjIxMmEwZmE3NDg5NDZjMzYzMyJ9fX0\u003d","skullowner":"ad04b162-ae44-4e40-8c5b-9271cb3a40d6"},{"name":"Melon","value":"eyJ0ZXh0dXJlcyI6eyJTS0lOIjp7InVybCI6Imh0dHA6Ly90ZXh0dXJlcy5taW5lY3JhZnQubmV0L3RleHR1cmUvYzNmZWQ1MTRjM2UyMzhjYTdhYzFjOTRiODk3ZmY2NzExYjFkYmU1MDE3NGFmYzIzNWM4ZjgwZDAyOSJ9fX0\u003d","skullowner":"21186685-3336-4dbd-8dda-493bc7f1aaa8"},{"name":"Melon","value":"eyJ0ZXh0dXJlcyI6eyJTS0lOIjp7InVybCI6Imh0dHA6Ly90ZXh0dXJlcy5taW5lY3JhZnQubmV0L3RleHR1cmUvN2U5NmNlZGM4YjU2ODNiZWEwMTY3MzkzNmI2ZWE5NmZlOTQ4YTJiNmNiNDQ0ZGMyOWUxZmNmZjRkMmUyY2Y0In19fQ\u003d\u003d","skullowner":"772222f8-6bfa-4e42-876d-bf7074fb6cc0"},{"name":"Melon","value":"eyJ0ZXh0dXJlcyI6eyJTS0lOIjp7InVybCI6Imh0dHA6Ly90ZXh0dXJlcy5taW5lY3JhZnQubmV0L3RleHR1cmUvMjQxNDEyYjhjNmZkNTdlNGUxNjIxNjZkZGZkNzRiMTQ4YTU5NmY5ZWIxZDE1OTNjMDQ2OTYzOGM4ZDcxNCJ9fX0\u003d","skullowner":"f092a8f6-ffe6-4d98-801a-b48716e3a405"},{"name":"Melon","value":"eyJ0ZXh0dXJlcyI6eyJTS0lOIjp7InVybCI6Imh0dHA6Ly90ZXh0dXJlcy5taW5lY3JhZnQubmV0L3RleHR1cmUvZjM5MDMwNjZjY2M0Njk1ZTExM2ZlZTMxNGM5NmE1NDRlYjkxOTYyMmVlZTdkYWExZDE5NjYzNzRmM2ZlODQ4In19fQ\u003d\u003d","skullowner":"983afea2-cf1b-4732-9726-c81e3f621630"},{"name":"Carved Pumpkin","value":"eyJ0ZXh0dXJlcyI6eyJTS0lOIjp7InVybCI6Imh0dHA6Ly90ZXh0dXJlcy5taW5lY3JhZnQubmV0L3RleHR1cmUvZmVjNDE1ZDcwMmYzMjkyYTgyZjE0NzFjODc5NGNmNjMxMjJkNDQ5ZDI4YWI4ODZkNGRjNThmYWZkNjYifX19","skullowner":"280194bd-bbfa-440e-b3e1-ca38706ffe2e"},{"name":"Pumpkin","value":"eyJ0ZXh0dXJlcyI6eyJTS0lOIjp7InVybCI6Imh0dHA6Ly90ZXh0dXJlcy5taW5lY3JhZnQubmV0L3RleHR1cmUvZDdkN2FkMmRjYjU3ZGZhOWYwMjNkYmI5OWI2OThmYzUzMDc1YzNlOWQ2NTQ1MDYxMzlhNjQ3YWM5MDdmZGRjNSJ9fX0\u003d","skullowner":"9650240d-aa92-4ceb-9cfa-676f0c15a8f8"},{"name":"Strawberry","value":"eyJ0ZXh0dXJlcyI6eyJTS0lOIjp7InVybCI6Imh0dHA6Ly90ZXh0dXJlcy5taW5lY3JhZnQubmV0L3RleHR1cmUvY2JjODI2YWFhZmI4ZGJmNjc4ODFlNjg5NDQ0MTRmMTM5ODUwNjRhM2Y4ZjA0NGQ4ZWRmYjQ0NDNlNzZiYSJ9fX0\u003d","skullowner":"1acb2610-4fc4-46b0-8dae-679ccb31f057"},{"name":"Coconut","value":"eyJ0ZXh0dXJlcyI6eyJTS0lOIjp7InVybCI6Imh0dHA6Ly90ZXh0dXJlcy5taW5lY3JhZnQubmV0L3RleHR1cmUvZTliMGU5NjljZjNmY2NlZDM2YjcxMjM1MGZmYjQ2ZDhlZDc2MWZlNWVmYjEwZTNiNmE5Nzk1ZTY2NTZkYTk3In19fQ\u003d\u003d","skullowner":"4d09dc2c-ae45-4542-b667-c7770b8d787b"},{"name":"Carrot","value":"eyJ0ZXh0dXJlcyI6eyJTS0lOIjp7InVybCI6Imh0dHA6Ly90ZXh0dXJlcy5taW5lY3JhZnQubmV0L3RleHR1cmUvMjE1OTk4ODQ0M2VlNzVkMjBjNDljODlhYmFkNTU0NWJiNGZiNDUzYTQyYjAzODhiNTQ2NjM1NTY5OGJmYSJ9fX0\u003d","skullowner":"e06ae6f5-9b2c-49a4-9b91-daed1aeb5e27"},{"name":"Sugarcane","value":"eyJ0ZXh0dXJlcyI6eyJTS0lOIjp7InVybCI6Imh0dHA6Ly90ZXh0dXJlcy5taW5lY3JhZnQubmV0L3RleHR1cmUvMzNjYTlkOGIxZDVmMmMyNjU0NzY0NDAzNGE1NWE0YTI0NjNlMTY2ZjYwZmViMGM3YzVhZjNmNzI0YmFlIn19fQ\u003d\u003d","skullowner":"27469789-1229-45e5-bbef-e7bb290983ad"},{"name":"Hot Chocolate","value":"eyJ0ZXh0dXJlcyI6eyJTS0lOIjp7InVybCI6Imh0dHA6Ly90ZXh0dXJlcy5taW5lY3JhZnQubmV0L3RleHR1cmUvNDExNTExYmRkNTViY2I4MjgwM2M4MDM5ZjFjMTU1ZmQ0MzA2MjYzNmUyM2Q0ZDQ2YzRkNzYxYzA0ZDIyYzIifX19","skullowner":"3c534489-c08b-4c4f-a5ec-9bd9934be7c4"},{"name":"Cup of Tea","value":"eyJ0ZXh0dXJlcyI6eyJTS0lOIjp7InVybCI6Imh0dHA6Ly90ZXh0dXJlcy5taW5lY3JhZnQubmV0L3RleHR1cmUvZDhlOTRkZGQ3NjlhNWJlYTc0ODM3NmI0ZWM3MzgzZmQzNmQyNjc4OTRkN2MzYmVlMDExZThlNGY1ZmNkNyJ9fX0\u003d","skullowner":"2a3545d4-3ea5-4d26-9033-c280476696e0"},{"name":"Taco","value":"eyJ0ZXh0dXJlcyI6eyJTS0lOIjp7InVybCI6Imh0dHA6Ly90ZXh0dXJlcy5taW5lY3JhZnQubmV0L3RleHR1cmUvOThjZWQ3NGEyMjAyMWE1MzVmNmJjZTIxYzhjNjMyYjI3M2RjMmQ5NTUyYjcxYTM4ZDU3MjY5YjM1MzhjZiJ9fX0\u003d","skullowner":"36784eab-0695-455b-9b45-94943728579d"},{"name":"Taco","value":"eyJ0ZXh0dXJlcyI6eyJTS0lOIjp7InVybCI6Imh0dHA6Ly90ZXh0dXJlcy5taW5lY3JhZnQubmV0L3RleHR1cmUvZWExZjM1ODVmNTQ4NDliNDFkYTVkMzI2YTk0Mzk1NmEyNTQ5NDM2NGJiOTYxZDI0NThjNDMwYmU5YTZiMjcifX19","skullowner":"46bbd502-1ef0-4fe8-a033-9a5687f19234"},{"name":"Baked Potatoe","value":"eyJ0ZXh0dXJlcyI6eyJTS0lOIjp7InVybCI6Imh0dHA6Ly90ZXh0dXJlcy5taW5lY3JhZnQubmV0L3RleHR1cmUvNmYzMTJhMjQzYWE0ZTY5YTVlZGM2N2U1NGU0NGY3NmViODRmNjZlYzgyNDA4OTU1N2E2NGJlYTcxZjZkYyJ9fX0\u003d","skullowner":"0e8a0f94-2a9d-4ec1-8700-a8148711f543"},{"name":"Bacon","value":"eyJ0ZXh0dXJlcyI6eyJTS0lOIjp7InVybCI6Imh0dHA6Ly90ZXh0dXJlcy5taW5lY3JhZnQubmV0L3RleHR1cmUvZTdiYTIyZDVkZjIxZTgyMWE2ZGU0YjhjOWQzNzNhM2FhMTg3ZDhhZTc0ZjI4OGE4MmQyYjYxZjI3MmU1In19fQ\u003d\u003d","skullowner":"a0b0d539-9b6a-4233-8795-39e304714038"},{"name":"Fries","value":"eyJ0ZXh0dXJlcyI6eyJTS0lOIjp7InVybCI6Imh0dHA6Ly90ZXh0dXJlcy5taW5lY3JhZnQubmV0L3RleHR1cmUvYTBlYWNhYzQxYTllYWYwNTEzNzZlZjJmOTU5NzAxZTFiYmUxYmY0YWE2NzE1YWRjMzRiNmRjMjlhMTNlYTkifX19","skullowner":"426d69dc-855e-4531-8778-9f571140a410"},{"name":"Hamburger","value":"eyJ0ZXh0dXJlcyI6eyJTS0lOIjp7InVybCI6Imh0dHA6Ly90ZXh0dXJlcy5taW5lY3JhZnQubmV0L3RleHR1cmUvYTZlZjFjMjVmNTE2ZjJlN2Q2Zjc2Njc0MjBlMzNhZGNmM2NkZjkzOGNiMzdmOWE0MWE4YjM1ODY5ZjU2OWIifX19","skullowner":"d1375075-c727-40ad-bcce-7e4277099e30"},{"name":"Hamburger","value":"eyJ0ZXh0dXJlcyI6eyJTS0lOIjp7InVybCI6Imh0dHA6Ly90ZXh0dXJlcy5taW5lY3JhZnQubmV0L3RleHR1cmUvYjBlMzhjMTc2ZGJmN2RmOWIwNjMyYzI1NmVlYjZjNWFhY2E5OWUxYzhjMWE1MzA2NTZlYWZmMDQxN2FlZDIyIn19fQ\u003d\u003d","skullowner":"344d2378-914d-4ca3-9839-5ae184621ba8"},{"name":"Hamburger","value":"eyJ0ZXh0dXJlcyI6eyJTS0lOIjp7InVybCI6Imh0dHA6Ly90ZXh0dXJlcy5taW5lY3JhZnQubmV0L3RleHR1cmUvY2RhZGYxNzQ0NDMzZTFjNzlkMWQ1OWQyNzc3ZDkzOWRlMTU5YTI0Y2Y1N2U4YTYxYzgyYmM0ZmUzNzc3NTUzYyJ9fX0\u003d","skullowner":"cd02b2ac-24de-4da3-b66d-8405fab6183d"},{"name":"Popcorn","value":"eyJ0ZXh0dXJlcyI6eyJTS0lOIjp7InVybCI6Imh0dHA6Ly90ZXh0dXJlcy5taW5lY3JhZnQubmV0L3RleHR1cmUvMTQ5N2IxNDdjZmFlNTIyMDU1OTdmNzJlM2M0ZWY1MjUxMmU5Njc3MDIwZTRiNGZhNzUxMmMzYzZhY2RkOGMxIn19fQ\u003d\u003d","skullowner":"11ad1a4f-ddba-4550-abd7-14288f367d90"},{"name":"Glass of Coca-Cola","value":"eyJ0ZXh0dXJlcyI6eyJTS0lOIjp7InVybCI6Imh0dHA6Ly90ZXh0dXJlcy5taW5lY3JhZnQubmV0L3RleHR1cmUvZTliNDFlOWZlNTQzZjIzNzVkMGE5N2RkNTkyMmU0ZDY1YjhhNTIzYmFmMjI2NWQ0MjM5OGQ2NGMzNjRlZjk1In19fQ\u003d\u003d","skullowner":"296a6aa6-ef9b-467b-ae3e-31b8174a434c"},{"name":"Sushi Mackerel","value":"eyJ0ZXh0dXJlcyI6eyJTS0lOIjp7InVybCI6Imh0dHA6Ly90ZXh0dXJlcy5taW5lY3JhZnQubmV0L3RleHR1cmUvODQ2ZDMxNzJlN2Q2YWQ2ZGY2YTIxODk3NTVjZTBiMmRjODVhMWY5Y2NkMTA5ZGM5MzI5ODU4NjdiYTYifX19","skullowner":"216f5683-3506-4098-a741-18780b7dd04d"},{"name":"Sushi Salmon","value":"eyJ0ZXh0dXJlcyI6eyJTS0lOIjp7InVybCI6Imh0dHA6Ly90ZXh0dXJlcy5taW5lY3JhZnQubmV0L3RleHR1cmUvMjNiZjhmY2EyYWYzNTkyYzU1NzRiMTNlM2JjZjYxZTJmYWU4Mjk3ODg1MzVmMGRkZWFhN2EyZTQ1YjZiYTQifX19","skullowner":"bc8ee27d-b320-47b9-aa5e-b473adaec902"},{"name":"Sushi Roll","value":"eyJ0ZXh0dXJlcyI6eyJTS0lOIjp7InVybCI6Imh0dHA6Ly90ZXh0dXJlcy5taW5lY3JhZnQubmV0L3RleHR1cmUvMmUxMmYyNjc5NTNlNzZhZTY2YThkZDAyNWEzMjg2YWVjYmM2NGI0YWQ5OGVlYjEwYjNjNjdhNjlhYWUxNSJ9fX0\u003d","skullowner":"d2e5a02a-a89f-41fc-a0e6-c340ecf35d09"},{"name":"Riceball","value":"eyJ0ZXh0dXJlcyI6eyJTS0lOIjp7InVybCI6Imh0dHA6Ly90ZXh0dXJlcy5taW5lY3JhZnQubmV0L3RleHR1cmUvNjljMmRkZjJiZDc0YTQ2NTVlOGYwMTUzYTc0NTNlNjdkYjJhMjFkYmZhYzY3NTY3ODk0ODFhZGJlYzQ4M2EifX19","skullowner":"435bb3d4-6a23-4161-8300-007b3fec9f14"},{"name":"Corn Block","value":"eyJ0ZXh0dXJlcyI6eyJTS0lOIjp7InVybCI6Imh0dHA6Ly90ZXh0dXJlcy5taW5lY3JhZnQubmV0L3RleHR1cmUvOTlkZmFjMTcxZTNjMjAyOTY3NmVjZjhkM2EwZmQ5YjdiYjI4NTdiOTVlZmRlZmM1OWUwZjI1MjU3NmI1YzY4In19fQ\u003d\u003d","skullowner":"06c04136-d712-4a98-bab4-76c353700120"},{"name":"Ham Cheese Sandwich","value":"eyJ0ZXh0dXJlcyI6eyJTS0lOIjp7InVybCI6Imh0dHA6Ly90ZXh0dXJlcy5taW5lY3JhZnQubmV0L3RleHR1cmUvYmFlZTg0ZDE5Yzg1YWZmNzk2Yzg4YWJkYTIxZWM0YzkyYzY1NWUyZDY3YjcyZTVlNzdiNWFhNWU5OWVkIn19fQ\u003d\u003d","skullowner":"4544cee0-6c8a-419b-9844-86665e05015b"},{"name":"Glass of Beer","value":"eyJ0ZXh0dXJlcyI6eyJTS0lOIjp7InVybCI6Imh0dHA6Ly90ZXh0dXJlcy5taW5lY3JhZnQubmV0L3RleHR1cmUvNDA1M2UyNjg2N2JiNTc1MzhlOTc4OTEzN2RiYmI1Mzc3NGUxOGVkYTZmZWY1MWNiMmVkZjQyNmIzNzI2NCJ9fX0\u003d","skullowner":"e3e6b7a8-4246-41c4-9663-eddc9eda2eab"},{"name":"Medieval Beer","value":"eyJ0ZXh0dXJlcyI6eyJTS0lOIjp7InVybCI6Imh0dHA6Ly90ZXh0dXJlcy5taW5lY3JhZnQubmV0L3RleHR1cmUvMjI5NjAzZDgyOTYzMDU2YmUxMzUyMmNmYjdkNDUyMGM3NmJhNjg3ZjM5NmEwZGFiMTI1ZTYzYjVkYWNlYTgifX19","skullowner":"0be2d451-8ae5-4250-a0f1-74f44846ded2"},{"name":"Ham","value":"eyJ0ZXh0dXJlcyI6eyJTS0lOIjp7InVybCI6Imh0dHA6Ly90ZXh0dXJlcy5taW5lY3JhZnQubmV0L3RleHR1cmUvMjYzMzZmNWJiOTk3NWJmNTdlMTRkYjY2MTVjMTg5NmM1YzRiOWMzOWFhZDE3YjE3ZTRlZTIwYjIzMWNmNiJ9fX0\u003d","skullowner":"25c79e23-1569-4951-ad97-22b6a26c03fa"},{"name":"Mushroom Stew","value":"eyJ0ZXh0dXJlcyI6eyJTS0lOIjp7InVybCI6Imh0dHA6Ly90ZXh0dXJlcy5taW5lY3JhZnQubmV0L3RleHR1cmUvY2MxNDE0NGY2MWM0ZTY2YjNjNDQzNjYwZGViYzczY2IyMTI1ZDAxNDBjNTFiNTUyMmM4YTY4Yjc4OTQxNCJ9fX0\u003d","skullowner":"e38a4b23-e498-4c8e-8415-ca0b313d05bb"},{"name":"Sweet Roll","value":"eyJ0ZXh0dXJlcyI6eyJTS0lOIjp7InVybCI6Imh0dHA6Ly90ZXh0dXJlcy5taW5lY3JhZnQubmV0L3RleHR1cmUvZWM2ZWI4ZjE1YmEwZDc5OTNiZjg3MDhmYTFkZDg2YzFlOGZkZTc0MWE3ZGRlOTE5NWYyMjg5MWUwMjE1MyJ9fX0\u003d","skullowner":"728b4922-b1a7-49f2-a31e-37ba5c39fcfb"},{"name":"Ice Cream","value":"eyJ0ZXh0dXJlcyI6eyJTS0lOIjp7InVybCI6Imh0dHA6Ly90ZXh0dXJlcy5taW5lY3JhZnQubmV0L3RleHR1cmUvZDhlM2I1M2JjOGZhYjE5YzZmZDBmOGFiZjEzYmYyMzAzNTgxZDgxNjkxMTQxZjE1OTczYjQ3NzdlMDM5ZjczIn19fQ\u003d\u003d","skullowner":"e519ad2c-9aa1-4390-a93c-a24574dda1ed"},{"name":"Lemon","value":"eyJ0ZXh0dXJlcyI6eyJTS0lOIjp7InVybCI6Imh0dHA6Ly90ZXh0dXJlcy5taW5lY3JhZnQubmV0L3RleHR1cmUvOTU3ZmQ1NmNhMTU5Nzg3NzkzMjRkZjUxOTM1NGI2NjM5YThkOWJjMTE5MmM3YzNkZTkyNWEzMjliYWVmNmMifX19","skullowner":"09d10b7a-f525-412c-bedf-b2fe7c8bfc70"},{"name":"Plum","value":"eyJ0ZXh0dXJlcyI6eyJTS0lOIjp7InVybCI6Imh0dHA6Ly90ZXh0dXJlcy5taW5lY3JhZnQubmV0L3RleHR1cmUvNWNjMDE2ZjU2OGQxNDMzODYwZDgyZmEzMzc5ZDc4NGNiYmQ1MmU1NmI1NWY3OGJlNzI5MWY4NjE4ZGEzOGM4In19fQ\u003d\u003d","skullowner":"f4f1a6e2-363a-4f7b-83e7-07f861c604a9"},{"name":"Salad","value":"eyJ0ZXh0dXJlcyI6eyJTS0lOIjp7InVybCI6Imh0dHA6Ly90ZXh0dXJlcy5taW5lY3JhZnQubmV0L3RleHR1cmUvMWZlOTJlMTFhNjdiNTY5MzU0NDZhMjE0Y2FhMzcyM2QyOWU2ZGI1NmM1NWZhOGQ0MzE3OWE4YTMxNzZjNmMxIn19fQ\u003d\u003d","skullowner":"ca21f44a-ab17-43f1-a5e9-f3238e696490"},{"name":"White Frosted Donut","value":"eyJ0ZXh0dXJlcyI6eyJTS0lOIjp7InVybCI6Imh0dHA6Ly90ZXh0dXJlcy5taW5lY3JhZnQubmV0L3RleHR1cmUvZDA3YjhjNTFhY2VjMmE1MDhiYjJmYTY1MmZiNmU0YTA4YjE5NDg1MTU5YTA5OWY1OTgyY2NiODhkZjFmZTI3ZSJ9fX0\u003d","skullowner":"6d38a755-bcf4-4c26-ab82-19a0e54dabab"},{"name":"Pink Frosted Donut","value":"eyJ0ZXh0dXJlcyI6eyJTS0lOIjp7InVybCI6Imh0dHA6Ly90ZXh0dXJlcy5taW5lY3JhZnQubmV0L3RleHR1cmUvODM3YzliODJiMTg2NjU2ZTlmNjM2M2EyYTFjNmE0YjViOTNjZmE5ZWY0ZGFkNmYxNmI5NGViYjVlMzYyNjc4In19fQ\u003d\u003d","skullowner":"b48503a4-6dec-438c-a3bc-6b5da7fb1fde"},{"name":"Chocolate Frosted Donut","value":"eyJ0ZXh0dXJlcyI6eyJTS0lOIjp7InVybCI6Imh0dHA6Ly90ZXh0dXJlcy5taW5lY3JhZnQubmV0L3RleHR1cmUvNTlkYTU0ZmYzNjZlNzM4ZTMxZGU5MjkxOTk4NmFiYjRkNTBjYTk0NGZhOTkyNmFmNjM3NThiNzQ0OGYxOCJ9fX0\u003d","skullowner":"1422239d-a249-453c-91ba-343ec9b46f92"},{"name":"Turkey","value":"eyJ0ZXh0dXJlcyI6eyJTS0lOIjp7InVybCI6Imh0dHA6Ly90ZXh0dXJlcy5taW5lY3JhZnQubmV0L3RleHR1cmUvZjA2NTU1NzA2YjY0MWZkYWY0MzZjMDc2NjNmOTIzYWZjNWVlNzIxNDZmOTAxOTVmYjMzN2I5ZGU3NjY1ODhkIn19fQ\u003d\u003d","skullowner":"bf871b6c-92c7-454c-aa05-174e6cf98c45"},{"name":"Bento Box","value":"eyJ0ZXh0dXJlcyI6eyJTS0lOIjp7InVybCI6Imh0dHA6Ly90ZXh0dXJlcy5taW5lY3JhZnQubmV0L3RleHR1cmUvZmUzMDUyYzUzNWUxNDU5N2E0MTNlYzMyYjMyYWFmZGQyODY4NmZkYWI2ZWVkNzMwMzBlMWI5NGY3YzM4ZmYifX19","skullowner":"a2a2505a-4238-4ed3-bd0d-4313b3dc4b3f"},{"name":"Coconut","value":"eyJ0ZXh0dXJlcyI6eyJTS0lOIjp7InVybCI6Imh0dHA6Ly90ZXh0dXJlcy5taW5lY3JhZnQubmV0L3RleHR1cmUvMzJjNjJmZDhlNDc0ZDA5OTQwNjA0ZjgyNzEyYTQ0YWJiMjQ5ZDYzYWZmODdmOTk4Mzc0Y2E4NDlhYjE3NDEyIn19fQ\u003d\u003d","skullowner":"961e817d-5384-4098-b43b-5ec6bece7b12"},{"name":"Coconut","value":"eyJ0ZXh0dXJlcyI6eyJTS0lOIjp7InVybCI6Imh0dHA6Ly90ZXh0dXJlcy5taW5lY3JhZnQubmV0L3RleHR1cmUvYmY2MTI1OWE3ZWQ3NWRmYzE1ZjQzMjhmNjlmYTVkNTQ5ZWYxYmE5YzdhYTg1YzUzYjhjNzYxNzNmYWMzYzY5In19fQ\u003d\u003d","skullowner":"5754819a-7b82-4bb6-893c-7d67c08d6aca"},{"name":"Plate of Cookies","value":"eyJ0ZXh0dXJlcyI6eyJTS0lOIjp7InVybCI6Imh0dHA6Ly90ZXh0dXJlcy5taW5lY3JhZnQubmV0L3RleHR1cmUvNjM2OGE2OWM5NGI0NWRkMGE0MzVkZTIxN2MyOWNkYmQ0MzNjN2I0NDczOTFmYWEzM2MyNDFkYzA4MjcxIn19fQ\u003d\u003d","skullowner":"010dc21d-cafa-4cc0-bcbc-3115acd9c139"},{"name":"Marshmallow","value":"eyJ0ZXh0dXJlcyI6eyJTS0lOIjp7InVybCI6Imh0dHA6Ly90ZXh0dXJlcy5taW5lY3JhZnQubmV0L3RleHR1cmUvYjc4NTUxNjY5ODRhNzI1YmVjZmFjMWVhYjVjZmJkY2JlZTdlNDI2NDY2ZGRjM2JlZTRjNzFjZmQ3MmNiNTg4OCJ9fX0\u003d","skullowner":"e03f6f63-a089-496e-9ea9-54427ec50ced"},{"name":"Hamburger","value":"eyJ0ZXh0dXJlcyI6eyJTS0lOIjp7InVybCI6Imh0dHA6Ly90ZXh0dXJlcy5taW5lY3JhZnQubmV0L3RleHR1cmUvYzVlMjc5ODhhNjUzODAxMGVmYzBlMjQ3NTZiYzNlM2VlYTI0ZDc1MzZiMjA5MzJjMTdlMDQwNGU1Y2M1NWYifX19","skullowner":"f597e06f-e01a-492d-b63f-c23b9809ce01"},{"name":"Bowl of Rice with Chopsticks","value":"eyJ0ZXh0dXJlcyI6eyJTS0lOIjp7InVybCI6Imh0dHA6Ly90ZXh0dXJlcy5taW5lY3JhZnQubmV0L3RleHR1cmUvYzM3N2UzZDZjMzc5ZmUzNGEyZTZhZmFiYmEzMmU3YWVjZjc3YmNkMzFhMWMzODM2ZWMzNTRhOTM1YTdlOSJ9fX0\u003d","skullowner":"cf6da95e-bbf6-4126-a015-1dc4c2ff0610"},{"name":"Sushi Roll","value":"eyJ0ZXh0dXJlcyI6eyJTS0lOIjp7InVybCI6Imh0dHA6Ly90ZXh0dXJlcy5taW5lY3JhZnQubmV0L3RleHR1cmUvNTA0MDUxODFkMzllNzYxOTdhMjYyYmU0Y2M2NTQxZThlM2VkMjQ2MzMzODRjODczYWRiOTFkZmUzOTAxYyJ9fX0\u003d","skullowner":"c9364146-7389-41fe-9fe0-0c8d3c61f16a"},{"name":"Bowl of Spaghetti and Meatballs","value":"eyJ0ZXh0dXJlcyI6eyJTS0lOIjp7InVybCI6Imh0dHA6Ly90ZXh0dXJlcy5taW5lY3JhZnQubmV0L3RleHR1cmUvMzQ3ZmU2NWViNzQ1NDY4ZTg2ODczYTFiZGE0OGE1YTQ4OWZlZjkxY2M1MjJkODVlMDM2NGI1NWQ1M2Y4NjdlIn19fQ\u003d\u003d","skullowner":"d62690b6-ece6-4eaf-9d5c-3426d2845f38"},{"name":"Bowl of Noodles","value":"eyJ0ZXh0dXJlcyI6eyJTS0lOIjp7InVybCI6Imh0dHA6Ly90ZXh0dXJlcy5taW5lY3JhZnQubmV0L3RleHR1cmUvMjY4MzRiNWIyNTQyNmRlNjM1MzhlYzgyY2E4ZmJlY2ZjYmIzZTY4MmQ4MDYzNjQzZDJlNjdhNzYyMWJkIn19fQ\u003d\u003d","skullowner":"f15ab073-412e-4fe2-8668-1be12066e2ac"},{"name":"Bowl of Noodles","value":"eyJ0ZXh0dXJlcyI6eyJTS0lOIjp7InVybCI6Imh0dHA6Ly90ZXh0dXJlcy5taW5lY3JhZnQubmV0L3RleHR1cmUvZTk0ODU2NjNlNjUyNjRhM2RjMzA0NzJlNmE2OTMxNDQ2YmVkMzJjMmU4OTk5MDVmYWNmMThiMjkxOTY4OWMxIn19fQ\u003d\u003d","skullowner":"ae43f401-53c1-47cd-a055-230851ec77db"},{"name":"Chinese Take Out Box","value":"eyJ0ZXh0dXJlcyI6eyJTS0lOIjp7InVybCI6Imh0dHA6Ly90ZXh0dXJlcy5taW5lY3JhZnQubmV0L3RleHR1cmUvNmU0MjI4NmRhMzNhMjM4ZTRmMjdmZTcwM2ZjOGEwODcyMDFiNjk0MGZjMjM3NDRkZjk2NjNmYjk4NWRhMDI0In19fQ\u003d\u003d","skullowner":"af205cbb-f025-4556-ae51-d4272b0dd3f0"},{"name":"Tomato","value":"eyJ0ZXh0dXJlcyI6eyJTS0lOIjp7InVybCI6Imh0dHA6Ly90ZXh0dXJlcy5taW5lY3JhZnQubmV0L3RleHR1cmUvOTkxNzIyMjZkMjc2MDcwZGMyMWI3NWJhMjVjYzJhYTU2NDlkYTVjYWM3NDViYTk3NzY5NWI1OWFlYmQifX19","skullowner":"6d00d20b-a23f-43f8-bb26-b6ac346a107a"},{"name":"Orange","value":"eyJ0ZXh0dXJlcyI6eyJTS0lOIjp7InVybCI6Imh0dHA6Ly90ZXh0dXJlcy5taW5lY3JhZnQubmV0L3RleHR1cmUvODdiM2QyOTFkM2I5OWJjZDRjMzdhMTgzOWRjMTYwZDg4NWVjZDRlMjM3YjNhZWExYmFmMGFkYmIxNzc1Y2Q2NCJ9fX0\u003d","skullowner":"997bdc8f-1269-43c7-9fe2-eeac02df6232"},{"name":"Green Apple","value":"eyJ0ZXh0dXJlcyI6eyJTS0lOIjp7InVybCI6Imh0dHA6Ly90ZXh0dXJlcy5taW5lY3JhZnQubmV0L3RleHR1cmUvYzRjMDVkZDVkN2E5Mjg4OWQ4ZDIyZDRkZjBmMWExZmUyYmVlM2VkZGYxOTJmNzhmYzQ0ZTAyZTE0ZGJmNjI5In19fQ\u003d\u003d","skullowner":"799ee610-bcd8-409f-b235-0dca5a1ca8c2"},{"name":"Lettuce","value":"eyJ0ZXh0dXJlcyI6eyJTS0lOIjp7InVybCI6Imh0dHA6Ly90ZXh0dXJlcy5taW5lY3JhZnQubmV0L3RleHR1cmUvNDc3ZGQ4NDJjOTc1ZDhmYjAzYjFhZGQ2NmRiODM3N2ExOGJhOTg3MDUyMTYxZjIyNTkxZTZhNGVkZTdmNSJ9fX0\u003d","skullowner":"01041fda-5df7-4c5d-bedf-e4eba75b4de4"},{"name":"Purple Grapes","value":"eyJ0ZXh0dXJlcyI6eyJTS0lOIjp7InVybCI6Imh0dHA6Ly90ZXh0dXJlcy5taW5lY3JhZnQubmV0L3RleHR1cmUvZWU1OTM1ODYzYzUzYTk5NmY1MzM0ZTkwZjU1ZGU1MzhlODNmZmM1ZjZiMGI4ZTgzYTRkYzRmNmU2YjEyMDgifX19","skullowner":"7815481b-f563-4ece-af98-64e941b82239"},{"name":"Green Grapes","value":"eyJ0ZXh0dXJlcyI6eyJTS0lOIjp7InVybCI6Imh0dHA6Ly90ZXh0dXJlcy5taW5lY3JhZnQubmV0L3RleHR1cmUvOGNkY2YzOGE4NDM4ZWQzYTU0N2Y4ZDViNDdlMDgwMTU1OWM1OTVmMGUyNmM0NTY1NmE3NmI1YmY4YTU2ZiJ9fX0\u003d","skullowner":"c7cbdf3e-5b2f-4dc1-ada3-af00435bc363"},{"name":"Red Grapes","value":"eyJ0ZXh0dXJlcyI6eyJTS0lOIjp7InVybCI6Imh0dHA6Ly90ZXh0dXJlcy5taW5lY3JhZnQubmV0L3RleHR1cmUvZDUxMWE1ZWU0ZDE3NjgyYTI1ZjdlOGE1ZGE2ZmY3Y2Q5YWQ5YzQ4NDRjMjU4YTZkZTIzZTdmODRmMjdmOWI0In19fQ\u003d\u003d","skullowner":"6a91273a-275f-4509-b7aa-f1928302867c"},{"name":"Sandwich","value":"eyJ0ZXh0dXJlcyI6eyJTS0lOIjp7InVybCI6Imh0dHA6Ly90ZXh0dXJlcy5taW5lY3JhZnQubmV0L3RleHR1cmUvOTQ5NjU4OWZiNWMxZjY5Mzg3YjdmYjE3ZDkyMzEyMDU4ZmY2ZThlYmViM2ViODllNGY3M2U3ODE5NjExM2IifX19","skullowner":"560931c5-4bb4-4187-9c94-77d3171e586e"},{"name":"Cherry Pie","value":"eyJ0ZXh0dXJlcyI6eyJTS0lOIjp7InVybCI6Imh0dHA6Ly90ZXh0dXJlcy5taW5lY3JhZnQubmV0L3RleHR1cmUvZDUzYzFlODdlNTM3ZjFhYjI3NzRkZGFmYjgzNDM5YjMzNmY0YTc3N2I0N2FkODJiY2IzMGQ1ZmNiZGY5YmMifX19","skullowner":"c72068ed-69e1-4027-928d-440585efab0e"},{"name":"Pie","value":"eyJ0ZXh0dXJlcyI6eyJTS0lOIjp7InVybCI6Imh0dHA6Ly90ZXh0dXJlcy5taW5lY3JhZnQubmV0L3RleHR1cmUvNjQ4MzkxMmZiMmEzMGQ3MzM2MWMwMzg0NDYxMTc3NWIxYzMzMjE4YjNhNTZiZGVkNmFlNzkyYzJlNDM5ODgxIn19fQ\u003d\u003d","skullowner":"8404083b-57bb-4837-9b53-7d7733b98111"},{"name":"Chocolate Cake","value":"eyJ0ZXh0dXJlcyI6eyJTS0lOIjp7InVybCI6Imh0dHA6Ly90ZXh0dXJlcy5taW5lY3JhZnQubmV0L3RleHR1cmUvOTExOWZjYTRmMjhhNzU1ZDM3ZmJlNWRjZjZkOGMzZWY1MGZlMzk0YzFhNzg1MGJjN2UyYjcxZWU3ODMwM2M0YyJ9fX0\u003d","skullowner":"e14748a3-fd60-4feb-9fce-7a6c7389a948"},{"name":"Honey Pot","value":"eyJ0ZXh0dXJlcyI6eyJTS0lOIjp7InVybCI6Imh0dHA6Ly90ZXh0dXJlcy5taW5lY3JhZnQubmV0L3RleHR1cmUvMThjMmNkZGVlZDYyNGE1MzhmMzQ5ZDhjNzAzNWZlZjkxOGU2ZDdhMTc4MTYzMWVhYzUxZWMxODI3MTJhNTRkYSJ9fX0\u003d","skullowner":"04182810-16ad-4491-ab70-ba4244488e7e"},{"name":"Pepsi","value":"eyJ0ZXh0dXJlcyI6eyJTS0lOIjp7InVybCI6Imh0dHA6Ly90ZXh0dXJlcy5taW5lY3JhZnQubmV0L3RleHR1cmUvMmJiYWU2ZGY5OWRjODJiZWFmNDlkMDY0ZGY3NGExYmJjMTVlOGUzNzY1MzMyNzY5MTJjOGM4ZmU1OWNiNGY0In19fQ\u003d\u003d","skullowner":"92b6dbd7-11df-4702-b4d1-ec0dcc7ce114"},{"name":"Coca Cola","value":"eyJ0ZXh0dXJlcyI6eyJTS0lOIjp7InVybCI6Imh0dHA6Ly90ZXh0dXJlcy5taW5lY3JhZnQubmV0L3RleHR1cmUvOTNiMDFmYjJmNmJhNDdjOWQ3NjM4NDkxZjM3Y2Q4NTgyYTkzNzczMTE4NmRmNGQxZWNjZDU5YjY1YmYzNyJ9fX0\u003d","skullowner":"8a145e5e-957d-418c-b000-511c971ae698"},{"name":"Sprite","value":"eyJ0ZXh0dXJlcyI6eyJTS0lOIjp7InVybCI6Imh0dHA6Ly90ZXh0dXJlcy5taW5lY3JhZnQubmV0L3RleHR1cmUvYjhhMzRkODZhN2JiMTNkNDVhZmRjNTBkM2RjZTVlZWQ5NWUxODQ0ZmJkZWUwY2NhNzUzYzZkMzM0NmUzMzllIn19fQ\u003d\u003d","skullowner":"8b8c8496-88f0-4907-bbfc-5453a2333326"},{"name":"Mello Yello","value":"eyJ0ZXh0dXJlcyI6eyJTS0lOIjp7InVybCI6Imh0dHA6Ly90ZXh0dXJlcy5taW5lY3JhZnQubmV0L3RleHR1cmUvZjg2YjUxZmIzMGI1MTM4YTQzNDRjYzNlNjM5N2RhMjhkZjM5NjI0MTM0MWJlOTIxMjFkNWJhZWVmOTk3ZmI0In19fQ\u003d\u003d","skullowner":"33edcc03-d380-4576-a070-cb2062044d28"},{"name":"Fanta","value":"eyJ0ZXh0dXJlcyI6eyJTS0lOIjp7InVybCI6Imh0dHA6Ly90ZXh0dXJlcy5taW5lY3JhZnQubmV0L3RleHR1cmUvMmJlOTUwNWEzOGExNGQxNTEyYzc4OTJmYzQ0ZDNkN2NlNjMzOGIxYmYwZjkxMjM3MjFiMTIxYTE0YjA5NWEzIn19fQ\u003d\u003d","skullowner":"d069bef7-f3a0-4ef8-9fa8-9829bb46094b"},{"name":"Mountain Dew","value":"eyJ0ZXh0dXJlcyI6eyJTS0lOIjp7InVybCI6Imh0dHA6Ly90ZXh0dXJlcy5taW5lY3JhZnQubmV0L3RleHR1cmUvODZlNWJmNjU3YWI4OTdhZDVlNTQ4NjdhNGMzYzJlNzFiMmRhMjRlNzUxOGIyZjgzNDQ4OGRhNzZmNjJmNTIxNiJ9fX0\u003d","skullowner":"ae986efc-25af-4ca3-8f87-c4ee7894b25e"},{"name":"Tomato","value":"eyJ0ZXh0dXJlcyI6eyJTS0lOIjp7InVybCI6Imh0dHA6Ly90ZXh0dXJlcy5taW5lY3JhZnQubmV0L3RleHR1cmUvZDE4Njg2M2ZkZjNmM2UyOTc5ZWM2ZDk3OGEwODhkOGE0Zjg2NjRjNTBiNWI2ZDI5YWQ0YTdhYzI2NGEwMTcifX19","skullowner":"05635a92-c9f7-4a61-8a41-bdabcccd0d87"},{"name":"Ripe Tomato","value":"eyJ0ZXh0dXJlcyI6eyJTS0lOIjp7InVybCI6Imh0dHA6Ly90ZXh0dXJlcy5taW5lY3JhZnQubmV0L3RleHR1cmUvNjkxNDcxNzIwNzJmMDcyNDgzNTI5NzY3ZmU0NzU1NGE5NWEwZTBmZDliNmNjNTMxYjI1OTU4YTM5OWVmMyJ9fX0\u003d","skullowner":"95f00fa3-8faa-466d-8a62-dc373a28a18c"},{"name":"Raspberry","value":"eyJ0ZXh0dXJlcyI6eyJTS0lOIjp7InVybCI6Imh0dHA6Ly90ZXh0dXJlcy5taW5lY3JhZnQubmV0L3RleHR1cmUvNDg3YmRlN2NiNjYxOGJlMWMxYzkwM2Y2ODc1ZWE5NzZlNTczMzU0NDI0OGZkNTA1ZjUxNmExOGYyOTIzNSJ9fX0\u003d","skullowner":"f4e64e08-a19c-48db-aabb-521f571f89ed"},{"name":"Raspberry","value":"eyJ0ZXh0dXJlcyI6eyJTS0lOIjp7InVybCI6Imh0dHA6Ly90ZXh0dXJlcy5taW5lY3JhZnQubmV0L3RleHR1cmUvYjEyZWYxYjQ4NmU5N2U0Y2IxMjRhYTc2MjlhY2ViOTFlZGM1MWQ2MzMzOGM5MWEwMTI4ODU0OTNjNWQ5YyJ9fX0\u003d","skullowner":"1508fef4-f03b-483c-9c61-94efbeae203c"},{"name":"Apple","value":"eyJ0ZXh0dXJlcyI6eyJTS0lOIjp7InVybCI6Imh0dHA6Ly90ZXh0dXJlcy5taW5lY3JhZnQubmV0L3RleHR1cmUvY2M5ZWJhNjNhOWQxMmNiNmZkZTYzYmFkYmUyODlkODg4ZjU3MjE5ZjQxMjJjMjgyMGVhNjU0ZmJlNjM1MGE1In19fQ\u003d\u003d","skullowner":"27ff2d9d-5cc7-40d7-955a-6ac84b7aa6da"},{"name":"Apple","value":"eyJ0ZXh0dXJlcyI6eyJTS0lOIjp7InVybCI6Imh0dHA6Ly90ZXh0dXJlcy5taW5lY3JhZnQubmV0L3RleHR1cmUvODU2NDc5N2NkNjI2NjQ0NDhlZDAyOGU0ODdhY2Q5NWQ1NzA3NWRjZTQ5YTM1NmZjYzY1NjU1YjJiNTI1ZGRiIn19fQ\u003d\u003d","skullowner":"1f5ef611-dcfc-4719-8df5-36aa26a02f33"},{"name":"Apple","value":"eyJ0ZXh0dXJlcyI6eyJTS0lOIjp7InVybCI6Imh0dHA6Ly90ZXh0dXJlcy5taW5lY3JhZnQubmV0L3RleHR1cmUvNjNlODY1OTQ3OGRkMjhiMWFkZTZlYmU3ZDNlMWQ2NzU4ZTIxOWY0MzhkYjc4NGE1YWRkZWRhODZlZDFhMzhhIn19fQ\u003d\u003d","skullowner":"ebd81954-37b1-49f4-aaa1-8e79e2e3a856"},{"name":"Apple","value":"eyJ0ZXh0dXJlcyI6eyJTS0lOIjp7InVybCI6Imh0dHA6Ly90ZXh0dXJlcy5taW5lY3JhZnQubmV0L3RleHR1cmUvMmZiMGUyMjFmZDgxYjk4YjhiNTY5YjM1MjJkNTIzMWNmOGIzNjc3MzJmMzdiMzgxZTdhY2VhMjlhNmU4NCJ9fX0\u003d","skullowner":"686e76dd-66c2-497a-bef9-731e1d558d62"},{"name":"Apple","value":"eyJ0ZXh0dXJlcyI6eyJTS0lOIjp7InVybCI6Imh0dHA6Ly90ZXh0dXJlcy5taW5lY3JhZnQubmV0L3RleHR1cmUvZTJiMzViZGE1ZWJkZjEzNWY0ZTcxY2U0OTcyNmZiZWM1NzM5ZjBhZGVkZjAxYzUxOWUyYWVhN2Y1MTk1MWVhMiJ9fX0\u003d","skullowner":"0d5fd9c3-d044-478f-b774-d37b5f86fa2a"},{"name":"Cooked Shrimp","value":"eyJ0ZXh0dXJlcyI6eyJTS0lOIjp7InVybCI6Imh0dHA6Ly90ZXh0dXJlcy5taW5lY3JhZnQubmV0L3RleHR1cmUvMzM2YTlhZGQyNTY0NWJmY2MzNzdjMjVlZjBjMmU5OTAxZDE5NDkzYzNlOTgxZWJjNmJhN2ExYTFiNjQ2NmNlNCJ9fX0\u003d","skullowner":"ae633b72-0781-4f3a-ad85-9b13e679146d"},{"name":"Sushi Salmon","value":"eyJ0ZXh0dXJlcyI6eyJTS0lOIjp7InVybCI6Imh0dHA6Ly90ZXh0dXJlcy5taW5lY3JhZnQubmV0L3RleHR1cmUvYWU5ZDIyZDlhZGE2M2UyODE0MjBhZTMzNjkxODgwODY5ZmExYTE0YmZkZjg3ZDhlNTM4ZTk5OGE4ZjI5NTk1YiJ9fX0\u003d","skullowner":"56810a43-92a9-4974-8693-48ace62881ff"},{"name":"Sushi","value":"eyJ0ZXh0dXJlcyI6eyJTS0lOIjp7InVybCI6Imh0dHA6Ly90ZXh0dXJlcy5taW5lY3JhZnQubmV0L3RleHR1cmUvY2I4MmQzYzllZWRjNzE4YzA3NTE5MjU0Zjc5MjFhNTlmZjNhNmYyNDU5Mzk2NjVjOWNiMDE3MTEyY2U2NzAifX19","skullowner":"4da18ebf-55b8-4d15-ae02-836bb789d377"},{"name":"Sushi","value":"eyJ0ZXh0dXJlcyI6eyJTS0lOIjp7InVybCI6Imh0dHA6Ly90ZXh0dXJlcy5taW5lY3JhZnQubmV0L3RleHR1cmUvMjNjYTNmOTI2ZTdhOWFiOTU1NWZlY2I2OWE4MDI3NDNjMTIyZDllZmM1NjVhMmZlNTU0NTExOGZhOTFkMSJ9fX0\u003d","skullowner":"32955d19-a051-49b8-8727-35f094d00806"},{"name":"Plastic Cup","value":"eyJ0ZXh0dXJlcyI6eyJTS0lOIjp7InVybCI6Imh0dHA6Ly90ZXh0dXJlcy5taW5lY3JhZnQubmV0L3RleHR1cmUvOTE3OWNlNDg0OTcyMzQzNGU4NDc0N2VjODVmYmJmYjExMjE0NTZjOGFlYjJlOTE3MWZiODMyODkyMWQ0NSJ9fX0\u003d","skullowner":"2ff72ac6-61ea-43d8-b1a6-499ffcc6be5f"}]