[{"name":"Beachball","value":"eyJ0ZXh0dXJlcyI6eyJTS0lOIjp7InVybCI6Imh0dHA6Ly90ZXh0dXJlcy5taW5lY3JhZnQubmV0L3RleHR1cmUvNWE1YWIwNWVhMjU0YzMyZTNjNDhmM2ZkY2Y5ZmQ5ZDc3ZDNjYmEwNGU2YjVlYzJlNjhiM2NiZGNmYWMzZmQifX19","skullowner":"a26ea47e-279a-4e92-acf5-f11c6f3f6201"},{"name":"Soccerball","value":"eyJ0ZXh0dXJlcyI6eyJTS0lOIjp7InVybCI6Imh0dHA6Ly90ZXh0dXJlcy5taW5lY3JhZnQubmV0L3RleHR1cmUvOGU0YTcwYjdiYmNkN2E4YzMyMmQ1MjI1MjA0OTFhMjdlYTZiODNkNjBlY2Y5NjFkMmI0ZWZiYmY5ZjYwNWQifX19","skullowner":"b74e58ec-4460-44b9-b0ca-2a1b9f331523"},{"name":"Bowlingball","value":"eyJ0ZXh0dXJlcyI6eyJTS0lOIjp7InVybCI6Imh0dHA6Ly90ZXh0dXJlcy5taW5lY3JhZnQubmV0L3RleHR1cmUvNmM4MmUyMWE5MzIwOTUzZDc4ZGFlZTg1NDc3ZGUzYmI4MmQ1ZGZhNmIxOTQ5NGQzNzczMzI2NWQyZDAzMGE4In19fQ\u003d\u003d","skullowner":"8704138c-bb3e-446f-bb6a-b73343a05fe4"},{"name":"Bowlingball","value":"eyJ0ZXh0dXJlcyI6eyJTS0lOIjp7InVybCI6Imh0dHA6Ly90ZXh0dXJlcy5taW5lY3JhZnQubmV0L3RleHR1cmUvOWNjODYxYzUyNDg2YmZjMTlkMjhiZTA2NDRhODViNGM3MTJiZjcxYzdiMjYzNjVhZTFiNTRiOWE3MTczY2QwIn19fQ\u003d\u003d","skullowner":"cb819908-ccf7-4e71-b861-0d72966ae536"},{"name":"Bowlingball","value":"eyJ0ZXh0dXJlcyI6eyJTS0lOIjp7InVybCI6Imh0dHA6Ly90ZXh0dXJlcy5taW5lY3JhZnQubmV0L3RleHR1cmUvYzQ0NTVkMThiYzJhNmI1YTgzYjY5YTcyOTA0MDYxOTRmZDE1MmM4OWQ5NjE5YzA4ZmQ4ODc2M2YxMzYifX19","skullowner":"e25bd6ef-8c67-497b-be71-48923bcd3850"},{"name":"Checkerboard","value":"eyJ0ZXh0dXJlcyI6eyJTS0lOIjp7InVybCI6Imh0dHA6Ly90ZXh0dXJlcy5taW5lY3JhZnQubmV0L3RleHR1cmUvZjg3MGE2NTk5MmMyZGQ4YWQ3MzhiOThkNmQzNTk2ZTQ1YTJkZDE0ZWZiYWNlNGIyMTEyMmFlYWZmNzc3ZjUifX19","skullowner":"2731d11b-11df-43fd-b428-e8165436c7f4"},{"name":"Poke Ball","value":"eyJ0ZXh0dXJlcyI6eyJTS0lOIjp7InVybCI6Imh0dHA6Ly90ZXh0dXJlcy5taW5lY3JhZnQubmV0L3RleHR1cmUvZDQzZDRiN2FjMjRhMWQ2NTBkZGY3M2JkMTQwZjQ5ZmMxMmQyNzM2ZmMxNGE4ZGMyNWMwZjNmMjlkODVmOGYifX19","skullowner":"04be8421-c832-4cf8-82e5-9b88d814717e"},{"name":"Glados","value":"eyJ0ZXh0dXJlcyI6eyJTS0lOIjp7InVybCI6Imh0dHA6Ly90ZXh0dXJlcy5taW5lY3JhZnQubmV0L3RleHR1cmUvYTViZWM3NmQ2NWE4NjhhNWJlNTE3M2QzYjllMTc3NWI1NDA0NmY2MjAzNWMxNTUyNDQwZWRlOTk3M2E5MGUxIn19fQ\u003d\u003d","skullowner":"529b5f57-d4ac-48ad-b900-71903deab5af"},{"name":"Turret","value":"eyJ0ZXh0dXJlcyI6eyJTS0lOIjp7InVybCI6Imh0dHA6Ly90ZXh0dXJlcy5taW5lY3JhZnQubmV0L3RleHR1cmUvZmEyYzNlNzlkNWYzNWE5ZGNhYjE5ZTQzYzNlM2E2NTE5ZTQyNmI2NGE2MTIxM2NkMmYxZDI4YjU3MDM2ZjYifX19","skullowner":"fda4e8a0-4f40-4bd9-adbe-b05cce1fd5d3"},{"name":"Companion Cube","value":"eyJ0ZXh0dXJlcyI6eyJTS0lOIjp7InVybCI6Imh0dHA6Ly90ZXh0dXJlcy5taW5lY3JhZnQubmV0L3RleHR1cmUvNTE3NWJkZjQ3YWVhMWE0YmYxZDM0OWJlNmI3ZmE0YWIzN2Y0Nzk2NzJmNGM0M2FjYTU3NTExYjQyN2FiNCJ9fX0\u003d","skullowner":"5969ee2f-b5b1-4e03-b846-820dbd2d57b5"},{"name":"Weighted Cube","value":"eyJ0ZXh0dXJlcyI6eyJTS0lOIjp7InVybCI6Imh0dHA6Ly90ZXh0dXJlcy5taW5lY3JhZnQubmV0L3RleHR1cmUvNTJiYWViNGEzNWRhOGE4NWQxNGJkY2NmNzE4NGY1NTQ1MDg4Zjk1NGRhNTUxNDRmMjM1YzI5ODNmZGI4ZTA1YiJ9fX0\u003d","skullowner":"dbb0c105-4693-4a6d-8a7c-ac8feab5f844"},{"name":"White Dice","value":"eyJ0ZXh0dXJlcyI6eyJTS0lOIjp7InVybCI6Imh0dHA6Ly90ZXh0dXJlcy5taW5lY3JhZnQubmV0L3RleHR1cmUvNzk3OTU1NDYyZTRlNTc2NjY0NDk5YWM0YTFjNTcyZjYxNDNmMTlhZDJkNjE5NDc3NjE5OGY4ZDEzNmZkYjIifX19","skullowner":"afbe4c67-a6a5-4559-ad06-78a6ed2ab4e9"},{"name":"Red Dice","value":"eyJ0ZXh0dXJlcyI6eyJTS0lOIjp7InVybCI6Imh0dHA6Ly90ZXh0dXJlcy5taW5lY3JhZnQubmV0L3RleHR1cmUvNTEzMWRlOGU5NTFmZGQ3YjlhM2QyMzlkN2NjM2FhM2U4NjU1YTMzNmI5OTliOWVkYmI0ZmIzMjljYmQ4NyJ9fX0\u003d","skullowner":"7bcf9c71-2e75-41d9-8e3d-1c74e605d182"},{"name":"Black Dice","value":"eyJ0ZXh0dXJlcyI6eyJTS0lOIjp7InVybCI6Imh0dHA6Ly90ZXh0dXJlcy5taW5lY3JhZnQubmV0L3RleHR1cmUvOTE1ZjdjMzEzYmNhOWMyZjk1OGU2OGFiMTRhYjM5Mzg2N2Q2NzUwM2FmZmZmOGYyMGNiMTNmYmU5MTdmZDMxIn19fQ\u003d\u003d","skullowner":"f607312f-d445-4d0d-9c37-7df2e06d1cf0"},{"name":"Portal Core","value":"eyJ0ZXh0dXJlcyI6eyJTS0lOIjp7InVybCI6Imh0dHA6Ly90ZXh0dXJlcy5taW5lY3JhZnQubmV0L3RleHR1cmUvNjY4NGY0YTZlZDE0Mjg2NWRiMDkzOGU0ODc2NzY4NDlhNTRkNjQzNzhlMmU5ZTdmNzEzYjliMWU5ZDA0MSJ9fX0\u003d","skullowner":"2bfae29c-a956-4064-84ce-b37784c3702f"},{"name":"Great Ball","value":"eyJ0ZXh0dXJlcyI6eyJTS0lOIjp7InVybCI6Imh0dHA6Ly90ZXh0dXJlcy5taW5lY3JhZnQubmV0L3RleHR1cmUvZWNmYWY2MTAyNzVmNDMzYTM0ZTUzMTc1NzNjZTFmOWEwZjY2N2NlMTBjZGYxZDA2YzllYmE1ZDljYjU3MDQ3In19fQ\u003d\u003d","skullowner":"216a2090-9346-4eda-97ee-7d1bb929fdde"},{"name":"Ultra Ball","value":"eyJ0ZXh0dXJlcyI6eyJTS0lOIjp7InVybCI6Imh0dHA6Ly90ZXh0dXJlcy5taW5lY3JhZnQubmV0L3RleHR1cmUvM2Q4NWM5NmVmYWVmZWYxMWExYTM1YjExN2NhMmYyMzFjNjk2ZTRlNjkzYjczYTFiYWU3NzIyMTYwNzAxMWUifX19","skullowner":"5168c712-e29d-4f55-a241-6b0d9ce61a86"},{"name":"Master Ball","value":"eyJ0ZXh0dXJlcyI6eyJTS0lOIjp7InVybCI6Imh0dHA6Ly90ZXh0dXJlcy5taW5lY3JhZnQubmV0L3RleHR1cmUvMTg3OWU2NGZkMmUyZDE1ZDFiN2U0N2FlNDBmYTUyOGZjNzIwODZhMzEyZDZhNmVkM2Y3ZTU1MmFmOWQ1In19fQ\u003d\u003d","skullowner":"fd80eed9-c531-4daa-94ae-699b0642d3c9"},{"name":"Basketball","value":"eyJ0ZXh0dXJlcyI6eyJTS0lOIjp7InVybCI6Imh0dHA6Ly90ZXh0dXJlcy5taW5lY3JhZnQubmV0L3RleHR1cmUvZWRmODQ3MTVhNjRkYzQ1NTg2ZjdhNjA3OWY4ZTQ5YTk0NzdjMGZlOTY1ODliNGNmZDcxY2JhMzIyNTRhYzgifX19","skullowner":"9a869760-a4ae-49ac-9598-e136ce74ba73"},{"name":"Masterchief - Halo","value":"eyJ0ZXh0dXJlcyI6eyJTS0lOIjp7InVybCI6Imh0dHA6Ly90ZXh0dXJlcy5taW5lY3JhZnQubmV0L3RleHR1cmUvYjc3NWExN2MyOTQxYWU2YTJhNWYxODQwNTA5YjlhYjBjMGQ5Njg1OWE5YmMyNDk3OThiODZmMTk1MmIwODMyZSJ9fX0\u003d","skullowner":"121b724e-9b29-4321-9286-1ab3f0881dd8"},{"name":"Yoshi","value":"eyJ0ZXh0dXJlcyI6eyJTS0lOIjp7InVybCI6Imh0dHA6Ly90ZXh0dXJlcy5taW5lY3JhZnQubmV0L3RleHR1cmUvNjcxZWJjMTFiZGQxNTE0MTBkYTcwZDkzMTI1OWM0ZTk2OTUyOGU2ZjU4ODllOWM0YmIyZGQ3NjNiOWVhZmQifX19","skullowner":"91318ba0-ec9d-4072-95a7-fca5d39bd2dc"},{"name":"Batman","value":"eyJ0ZXh0dXJlcyI6eyJTS0lOIjp7InVybCI6Imh0dHA6Ly90ZXh0dXJlcy5taW5lY3JhZnQubmV0L3RleHR1cmUvZjI1NmY3MTczNWVmNDU4NTgxYzlkYWNmMzk0MTg1ZWVkOWIzM2NiNmVjNWNkNTk0YTU3MTUzYThiNTY2NTYwIn19fQ\u003d\u003d","skullowner":"af20c020-6810-4abe-8437-97d3bff52bec"},{"name":"Luigi","value":"eyJ0ZXh0dXJlcyI6eyJTS0lOIjp7InVybCI6Imh0dHA6Ly90ZXh0dXJlcy5taW5lY3JhZnQubmV0L3RleHR1cmUvZmYxNTMzODcxZTQ5ZGRhYjhmMWNhODJlZGIxMTUzYTVlMmVkMzc2NGZkMWNlMDI5YmY4MjlmNGIzY2FhYzMifX19","skullowner":"3731f0dd-5c62-4f55-b894-4a1d9357b3ae"},{"name":"Mario","value":"eyJ0ZXh0dXJlcyI6eyJTS0lOIjp7InVybCI6Imh0dHA6Ly90ZXh0dXJlcy5taW5lY3JhZnQubmV0L3RleHR1cmUvZGJhOGQ4ZTUzZDhhNWE3NTc3MGI2MmNjZTczZGI2YmFiNzAxY2MzZGU0YTliNjU0ZDIxM2Q1NGFmOTYxNSJ9fX0\u003d","skullowner":"318f8053-5ddd-4544-b67b-d48010fe72fb"},{"name":"Solved Rubik\u0026#39;s Cube","value":"eyJ0ZXh0dXJlcyI6eyJTS0lOIjp7InVybCI6Imh0dHA6Ly90ZXh0dXJlcy5taW5lY3JhZnQubmV0L3RleHR1cmUvOGYxYTI3N2JlYjllNGZhYTZlN2UzNTZjNzQ3ODZlOTY2MTU1NzM2YTY4NThiZjViYjVhZDI5ZGY1YmFiNjFhMSJ9fX0\u003d","skullowner":"363ab37e-373e-47a2-ad5d-e44d3803f853"},{"name":"Scrambled Rubik\u0026#39;s Cube","value":"eyJ0ZXh0dXJlcyI6eyJTS0lOIjp7InVybCI6Imh0dHA6Ly90ZXh0dXJlcy5taW5lY3JhZnQubmV0L3RleHR1cmUvNWQ4NmU3YmQyOGMxNDZmNzE1MTRjNzgyY2FjMDU1ODYwZDFmMzcyYjRhOWJlM2ZlNjVjZmUxMTA0NzMzYmEifX19","skullowner":"68f87a44-275f-4a5d-986a-6f41d405c72e"},{"name":"Chess Board","value":"eyJ0ZXh0dXJlcyI6eyJTS0lOIjp7InVybCI6Imh0dHA6Ly90ZXh0dXJlcy5taW5lY3JhZnQubmV0L3RleHR1cmUvOTQwOTRlZmZlZTRiYTJhYjFjMmZjNmM4ZWQxYzQ2OTBmYmExOWM4NjYxN2U5MjI3ZGIxZjU4ZDhkZDVkIn19fQ\u003d\u003d","skullowner":"02a6ab0f-e6aa-4a9f-8447-a973bdfe8a8f"},{"name":"Safari Ball","value":"eyJ0ZXh0dXJlcyI6eyJTS0lOIjp7InVybCI6Imh0dHA6Ly90ZXh0dXJlcy5taW5lY3JhZnQubmV0L3RleHR1cmUvNzJlYWM1ZjQ5OWUzMTIxNjUzNjRmMWFmMTUyNjYwY2QzZjE4ZDk0ZTJlZDU1YjI3ZGFmZThjZjg0MmE3OTRmMSJ9fX0\u003d","skullowner":"30844c45-3644-438e-95ae-7bcc4774aa7d"},{"name":"Premier Ball","value":"eyJ0ZXh0dXJlcyI6eyJTS0lOIjp7InVybCI6Imh0dHA6Ly90ZXh0dXJlcy5taW5lY3JhZnQubmV0L3RleHR1cmUvZGI1YzhkNzNmYzdhMTQzYmFjYTRhMThiZGNjNzA1MTc2NzYyZmEwMTBlMzEzYjE0ZDgxZjhiNWViZGM0YzQ3In19fQ\u003d\u003d","skullowner":"70a20413-9f1d-4487-8fd3-354910ec65c9"},{"name":"Warp Pipe","value":"eyJ0ZXh0dXJlcyI6eyJTS0lOIjp7InVybCI6Imh0dHA6Ly90ZXh0dXJlcy5taW5lY3JhZnQubmV0L3RleHR1cmUvNjE5NTQ0NTYxOTdmZGVjMjJmNDgwYWM1M2U3MWM2YTY4YTFhODYyN2M2MDgwZGY1N2RiODNkZmMzNDY2ZiJ9fX0\u003d","skullowner":"0c5f2d38-0e00-45df-a4d2-6f9d028273d3"},{"name":"Goomba","value":"eyJ0ZXh0dXJlcyI6eyJTS0lOIjp7InVybCI6Imh0dHA6Ly90ZXh0dXJlcy5taW5lY3JhZnQubmV0L3RleHR1cmUvZGU2MjE3MTI4Yzk4NzgzOTBlNTNjOTZiODEzNzAxMjI0OWE3Y2E2ODk2YzMwM2M1ZmI3ODJhY2U1OWQ5ZTRhIn19fQ\u003d\u003d","skullowner":"c60f6e7a-f36b-4113-86ee-9fb2967d543f"},{"name":"Orange Core","value":"eyJ0ZXh0dXJlcyI6eyJTS0lOIjp7InVybCI6Imh0dHA6Ly90ZXh0dXJlcy5taW5lY3JhZnQubmV0L3RleHR1cmUvODVjNGVmZmJhNGQ5OWY0MzczMTRjOGE4NzU1ODU2NzEzZmQ4NWRjZDE1YjM2OTBjNzQ5Y2UxZTQ0NDc0In19fQ\u003d\u003d","skullowner":"3425e391-fc10-4ee0-96b8-7a74d09665d8"},{"name":"Green Core","value":"eyJ0ZXh0dXJlcyI6eyJTS0lOIjp7InVybCI6Imh0dHA6Ly90ZXh0dXJlcy5taW5lY3JhZnQubmV0L3RleHR1cmUvMzM1YTIxZDk1ZTg1OTc3NTlmYjI1OWM5NTFlYTY4ZTFhZDMzNzRjYTQxZTU2ZWYxMjZmZmFiZmUwM2MxZTAifX19","skullowner":"4fb52742-0d4a-4836-a61a-30d6c1bfce50"},{"name":"Illusion Block","value":"eyJ0ZXh0dXJlcyI6eyJTS0lOIjp7InVybCI6Imh0dHA6Ly90ZXh0dXJlcy5taW5lY3JhZnQubmV0L3RleHR1cmUvY2MyYzU5ZmNkOTI2MjVlYzRkNTc4MTU5YTVmZDViZDQyNDdlMzgyZDQ5NDcyODRjZjUwZjk5OWM4NDExNmMwIn19fQ\u003d\u003d","skullowner":"85539318-37d9-44d2-94f6-fc9b7f67bfc6"},{"name":"Illusion Block","value":"eyJ0ZXh0dXJlcyI6eyJTS0lOIjp7InVybCI6Imh0dHA6Ly90ZXh0dXJlcy5taW5lY3JhZnQubmV0L3RleHR1cmUvYjQ2MmRkZmE1NTNjZTc4NjgzYmU0NzdiOGQ4NjU0ZjNkZmMzYWEyOTY5ODA4NDc4Yzk4N2FiODhjMzc2YTAifX19","skullowner":"d27723ec-8f68-4bbf-a2b0-58f0adf0b7f9"},{"name":"Dragon Ball #1","value":"eyJ0ZXh0dXJlcyI6eyJTS0lOIjp7InVybCI6Imh0dHA6Ly90ZXh0dXJlcy5taW5lY3JhZnQubmV0L3RleHR1cmUvNDkyOTlkYzAyYzM1ZjFiYzFhNjg5NWQ3ZmMyOGRlNzdjYTg5MGQwNjYzY2VjNWRjZDZlYTg0NjBhZjExMjEifX19","skullowner":"bb69009e-efe8-4fef-a895-9ef238b30219"},{"name":"Dragon Ball #2","value":"eyJ0ZXh0dXJlcyI6eyJTS0lOIjp7InVybCI6Imh0dHA6Ly90ZXh0dXJlcy5taW5lY3JhZnQubmV0L3RleHR1cmUvODA2YWM4MmUzYzc0MjdiYmNmMTU4MjFlODgyZDczYWViODBlZWJjYzZiNDU1ODI4MzI4YWViNzBkNzFhIn19fQ\u003d\u003d","skullowner":"3b1cd539-ecc2-4e1e-9aed-43e391b66552"},{"name":"Dragon Ball #3","value":"eyJ0ZXh0dXJlcyI6eyJTS0lOIjp7InVybCI6Imh0dHA6Ly90ZXh0dXJlcy5taW5lY3JhZnQubmV0L3RleHR1cmUvMzk5OTI1NGE3Y2E4ZDhiYTFmYWRkY2JhYjlkYTMyMzc0OWExYTBmNjVjODlhMDE2ZjY4MjM0Mjc2ODQ5NSJ9fX0\u003d","skullowner":"1d3403ba-b935-4ef3-be64-288249ece142"},{"name":"Dragon Ball #4","value":"eyJ0ZXh0dXJlcyI6eyJTS0lOIjp7InVybCI6Imh0dHA6Ly90ZXh0dXJlcy5taW5lY3JhZnQubmV0L3RleHR1cmUvNmE0MzFhNWVlM2JlNzliOGViNTdhYjk1YzhjOTZkN2Q3NTE5MzJkNmRiZDkyNzI3ZjZlMzcyZTdjNWYifX19","skullowner":"183f1ddd-1219-4090-b200-a1eaf6b14845"},{"name":"Dragon Ball #5","value":"eyJ0ZXh0dXJlcyI6eyJTS0lOIjp7InVybCI6Imh0dHA6Ly90ZXh0dXJlcy5taW5lY3JhZnQubmV0L3RleHR1cmUvNGI3MzI1N2U5YmM0N2JjY2JhZmFhNTQzNzNjYTExYjg3NWU1YWMzNWM5ZDU5NzNiNTgxMDU0Y2M5YmJhODgifX19","skullowner":"a1779c69-2326-4b3f-bcea-43400b8725ad"},{"name":"Dragon Ball #6","value":"eyJ0ZXh0dXJlcyI6eyJTS0lOIjp7InVybCI6Imh0dHA6Ly90ZXh0dXJlcy5taW5lY3JhZnQubmV0L3RleHR1cmUvYjdmYjZhNWFkYTQ3MDU2YzhiZjk3NTY2NDk4ZjVlYTQxNzMzMzlmYTc4MTljYmNlOTcwMDllOTA1MGRlIn19fQ\u003d\u003d","skullowner":"a9314743-7dd1-49b8-93fb-c8e7f8c52434"},{"name":"Dragon Ball #7","value":"eyJ0ZXh0dXJlcyI6eyJTS0lOIjp7InVybCI6Imh0dHA6Ly90ZXh0dXJlcy5taW5lY3JhZnQubmV0L3RleHR1cmUvNWMxYTdlMTkzZjM3YzJjNTRlMzU4ZjIyYThhMmQwMjg5NzkzZGQzYjJkNmM3OTllODQyNGI5MjZhMzk1MSJ9fX0\u003d","skullowner":"6521bbc1-7622-4653-9870-9a91498ab205"}]