[{"name":"Toiletpaper","value":"eyJ0ZXh0dXJlcyI6eyJTS0lOIjp7InVybCI6Imh0dHA6Ly90ZXh0dXJlcy5taW5lY3JhZnQubmV0L3RleHR1cmUvNzM4MGM3ZTYyMWExZjRkYTU0M2U0YzdhYjE0OTRlZTE4NGI4N2JiMTMyNDE4NTEyYzllZWU4NThmOWRlMWRiIn19fQ\u003d\u003d","skullowner":"5b6db080-2866-4aed-9ec0-f80e6040fce9"},{"name":"Toiletroll","value":"eyJ0ZXh0dXJlcyI6eyJTS0lOIjp7InVybCI6Imh0dHA6Ly90ZXh0dXJlcy5taW5lY3JhZnQubmV0L3RleHR1cmUvMjk4MDhiOWEzMWEzOTYxMWQ1N2FjN2NkNDc3ZjMwODc2NTFkNzkyM2FlZTViODhjNjUyZmI1YmY3NzU5YmJiIn19fQ\u003d\u003d","skullowner":"91325869-cc5e-4329-bede-ce2324df6c73"},{"name":"WinRAR Books","value":"eyJ0ZXh0dXJlcyI6eyJTS0lOIjp7InVybCI6Imh0dHA6Ly90ZXh0dXJlcy5taW5lY3JhZnQubmV0L3RleHR1cmUvOGQxYjI4Zjg4NmNhM2M4ZmM0MzAxYjc4NWJmMzhjNjE5ZWE2NmI2ODM1MmE4ODJiZjgwODBlNjMwMzRlMCJ9fX0\u003d","skullowner":"d53ab3c2-6e27-47eb-8e6e-7fe71616bc5d"},{"name":"Bookcase","value":"eyJ0ZXh0dXJlcyI6eyJTS0lOIjp7InVybCI6Imh0dHA6Ly90ZXh0dXJlcy5taW5lY3JhZnQubmV0L3RleHR1cmUvMzJhMThkMzZjNzQ2ZTQ4NDM4NTBhM2I2NWM1MTE1MGFiM2Y3NWQxM2I3ZjhjYzU1Yzc2ODZmZWJkMTdiNmEifX19","skullowner":"bce675c3-8200-4e31-b20b-6d53e7d0d846"},{"name":"Bookshelf","value":"eyJ0ZXh0dXJlcyI6eyJTS0lOIjp7InVybCI6Imh0dHA6Ly90ZXh0dXJlcy5taW5lY3JhZnQubmV0L3RleHR1cmUvOTMxODRkNmFkNGEwZTE1YjNhNzFkYWRmNDVmNmM3Y2U5ZWM5NjE3MmJjOWZmMjVmZDNhZjc4N2EzNzliZDEifX19","skullowner":"2ac53708-426b-4d05-9add-e98d13846cdb"},{"name":"Pile of Books","value":"eyJ0ZXh0dXJlcyI6eyJTS0lOIjp7InVybCI6Imh0dHA6Ly90ZXh0dXJlcy5taW5lY3JhZnQubmV0L3RleHR1cmUvMjFjNjNkOWI5ZmQ4NzQyZWFlYjA0YzY5MjE3MmNiOWRhNDM3ODE2OThhNTc1Y2RhYmUxYzA0ZGYxMmMzZiJ9fX0\u003d","skullowner":"6e166933-a807-4a73-8a19-e44053676f56"},{"name":"Chest","value":"eyJ0ZXh0dXJlcyI6eyJTS0lOIjp7InVybCI6Imh0dHA6Ly90ZXh0dXJlcy5taW5lY3JhZnQubmV0L3RleHR1cmUvNmY2OGQ1MDliNWQxNjY5Yjk3MWRkMWQ0ZGYyZTQ3ZTE5YmNiMWIzM2JmMWE3ZmYxZGRhMjliZmM2ZjllYmYifX19","skullowner":"148ce164-81e8-43d3-b057-4b21cf96d9d3"},{"name":"Enderchest","value":"eyJ0ZXh0dXJlcyI6eyJTS0lOIjp7InVybCI6Imh0dHA6Ly90ZXh0dXJlcy5taW5lY3JhZnQubmV0L3RleHR1cmUvYTZjYzQ4NmMyYmUxY2I5ZGZjYjJlNTNkZDlhM2U5YTg4M2JmYWRiMjdjYjk1NmYxODk2ZDYwMmI0MDY3In19fQ\u003d\u003d","skullowner":"42db67b6-9dd1-4bfe-b478-8829c1622218"},{"name":"Iron Chest","value":"eyJ0ZXh0dXJlcyI6eyJTS0lOIjp7InVybCI6Imh0dHA6Ly90ZXh0dXJlcy5taW5lY3JhZnQubmV0L3RleHR1cmUvZThlNTU0NGFmN2Y1NDg5Y2MyNzQ5MWNhNjhmYTkyMzg0YjhlYTVjZjIwYjVjODE5OGFkYjdiZmQxMmJjMmJjMiJ9fX0\u003d","skullowner":"90ff743f-323c-49e0-a239-aaa2117b4fc0"},{"name":"Medicine Chest","value":"eyJ0ZXh0dXJlcyI6eyJTS0lOIjp7InVybCI6Imh0dHA6Ly90ZXh0dXJlcy5taW5lY3JhZnQubmV0L3RleHR1cmUvZjdjN2RmNTJiNWU1MGJhZGI2MWZlZDcyMTJkOTc5ZTYzZmU5NGYxYmRlMDJiMjk2OGM2YjE1NmE3NzAxMjZjIn19fQ\u003d\u003d","skullowner":"f32f4e87-9fb0-48b0-8cc4-56eebf3c6f82"},{"name":"Cabinet","value":"eyJ0ZXh0dXJlcyI6eyJTS0lOIjp7InVybCI6Imh0dHA6Ly90ZXh0dXJlcy5taW5lY3JhZnQubmV0L3RleHR1cmUvNTMzZWNiNTU4ZjIxYzkxODk3Nzk4N2U5NzRmMmU2YmQxMjhlYjlkOWMwNTQxNGU5NDZkZDc4NmViZGI0In19fQ\u003d\u003d","skullowner":"babc218e-63dc-4ba7-b452-3c271eead119"},{"name":"Present","value":"eyJ0ZXh0dXJlcyI6eyJTS0lOIjp7InVybCI6Imh0dHA6Ly90ZXh0dXJlcy5taW5lY3JhZnQubmV0L3RleHR1cmUvZjBhZmE0ZmZmZDEwODYzZTc2YzY5OGRhMmM5YzllNzk5YmNmOWFiOWFhMzdkODMxMjg4MTczNDIyNWQzY2EifX19","skullowner":"cc5fdd1a-60f8-40d6-b667-a197e39f3bae"},{"name":"Present","value":"eyJ0ZXh0dXJlcyI6eyJTS0lOIjp7InVybCI6Imh0dHA6Ly90ZXh0dXJlcy5taW5lY3JhZnQubmV0L3RleHR1cmUvMTNjZmJmMmJkZmQ0ODUxNGJmYmFjZTk1MThjNzY2NDExMmRmMmMxNzNlOGM3YWQ5MmIzZTY1NjIxYTllZDZlMCJ9fX0\u003d","skullowner":"990d87d1-27ad-4b30-80c4-689394362ca9"},{"name":"Present","value":"eyJ0ZXh0dXJlcyI6eyJTS0lOIjp7InVybCI6Imh0dHA6Ly90ZXh0dXJlcy5taW5lY3JhZnQubmV0L3RleHR1cmUvYzZlNjliMWM3ZTY5YmNkNDllZDk3NGY1YWMzNmVhMjc1ZWZhYmI4YzY0OWNiMmIxZmU5ZDZlYTYxNjZlYzMifX19","skullowner":"6f3e1f19-8b42-44cb-a25c-cc841edc50b3"},{"name":"Globe","value":"eyJ0ZXh0dXJlcyI6eyJTS0lOIjp7InVybCI6Imh0dHA6Ly90ZXh0dXJlcy5taW5lY3JhZnQubmV0L3RleHR1cmUvYjFkZDRmZTRhNDI5YWJkNjY1ZGZkYjNlMjEzMjFkNmVmYTZhNmI1ZTdiOTU2ZGI5YzVkNTljOWVmYWIyNSJ9fX0\u003d","skullowner":"0ceac85e-159d-4f9d-a1c2-c8acde792f23"},{"name":"Plant","value":"eyJ0ZXh0dXJlcyI6eyJTS0lOIjp7InVybCI6Imh0dHA6Ly90ZXh0dXJlcy5taW5lY3JhZnQubmV0L3RleHR1cmUvYmY5YzcxYWYzZjdlODE5ZWMzYzQ0OTZmMjkxNTY3YWVmYjk4ZjU1ODQ1MTdkYTI2NmJhMGE2ZWNjYWE5YTZlMyJ9fX0\u003d","skullowner":"e303e867-1764-4350-bcbf-da4ecd6616f9"},{"name":"Crafttable","value":"eyJ0ZXh0dXJlcyI6eyJTS0lOIjp7InVybCI6Imh0dHA6Ly90ZXh0dXJlcy5taW5lY3JhZnQubmV0L3RleHR1cmUvY2U3ZDhjMjQyZDJlNGY4MDI4ZjkzMGJlNzZmMzUwMTRiMjFiNTI1NTIwOGIxYzA0MTgxYjI1NzQxMzFiNzVhIn19fQ\u003d\u003d","skullowner":"e46c1685-b94d-4785-90d5-e86f8289add6"},{"name":"Candle","value":"eyJ0ZXh0dXJlcyI6eyJTS0lOIjp7InVybCI6Imh0dHA6Ly90ZXh0dXJlcy5taW5lY3JhZnQubmV0L3RleHR1cmUvNzgxMjI2NjU2ZDgyNTI5MWIxZDdlNDU2Yjc0ZWNkY2UyODY3MjE2OTY0MWU2YzM1YjFlMjNiOWI0MDI3NGUifX19","skullowner":"edd6c805-f813-4ef6-b3b0-569c8b444242"},{"name":"Potted Rose Plant","value":"eyJ0ZXh0dXJlcyI6eyJTS0lOIjp7InVybCI6Imh0dHA6Ly90ZXh0dXJlcy5taW5lY3JhZnQubmV0L3RleHR1cmUvOWRiYTM4ZTlmYzY3ZjcyYzQ1OGZkYWM4ZWNkN2NhYmFlZDNlYjgzNzM3MTQzYTAxMjgzNTBhMWFiMzgxZTNlIn19fQ\u003d\u003d","skullowner":"2d8ef167-5297-4aa4-adf5-5d1d36bce776"},{"name":"Unlit Candle","value":"eyJ0ZXh0dXJlcyI6eyJTS0lOIjp7InVybCI6Imh0dHA6Ly90ZXh0dXJlcy5taW5lY3JhZnQubmV0L3RleHR1cmUvN2FjYzYxNjY2YWRmMWU0Y2Q3Y2Y1N2FmM2UxZTE3YmExNzMxMGIyZmNkOGUzZWQyN2NmODhiN2QwZDg4NTE4In19fQ\u003d\u003d","skullowner":"95e5e32c-f380-4764-a69d-26e8d812e39a"},{"name":"Old Books","value":"eyJ0ZXh0dXJlcyI6eyJTS0lOIjp7InVybCI6Imh0dHA6Ly90ZXh0dXJlcy5taW5lY3JhZnQubmV0L3RleHR1cmUvZTM0NGQ4M2U3YzZlY2U5MGQzNGM2ODVhOWEzMzg0ZjhlOGQwMTUxNjMzZmMyZWVhZTRkNGI2MzY4NjJkMzMifX19","skullowner":"12c8e58d-6b45-49b6-9b63-77b57b290243"},{"name":"Potted Salvia Plant","value":"eyJ0ZXh0dXJlcyI6eyJTS0lOIjp7InVybCI6Imh0dHA6Ly90ZXh0dXJlcy5taW5lY3JhZnQubmV0L3RleHR1cmUvZWQ4MGMyNmY5MDRiNTdlNjMxZTM5ZWJjNDQ2ZWMxYWYyZGNlMzQzMmViODQzMWZiZDE5MDg3YWRiNGFiY2IifX19","skullowner":"4e49245d-0ac2-4c6e-aff8-2894c8878eec"},{"name":"Potted Daffodil Plant","value":"eyJ0ZXh0dXJlcyI6eyJTS0lOIjp7InVybCI6Imh0dHA6Ly90ZXh0dXJlcy5taW5lY3JhZnQubmV0L3RleHR1cmUvMjNmZmZjODk1NWIwZTgzMDI4OThmN2YwMTVkODQ5ZjBhMDFkYmJiMDQyNzQxNzUwNmZiODllYWQ1NGQ0NWY2In19fQ\u003d\u003d","skullowner":"e0234bf4-a604-4c14-a2cb-342cb8490d9e"},{"name":"Potted Camellia Plant","value":"eyJ0ZXh0dXJlcyI6eyJTS0lOIjp7InVybCI6Imh0dHA6Ly90ZXh0dXJlcy5taW5lY3JhZnQubmV0L3RleHR1cmUvOWRjNGMxMmJmMjYxOWNiZmM4ZjIyZGM2MmMwMjJjZTE1MTI2Y2VhM2UyMTJjMjhkOWY5NmVhMzEwYWM0YzQyIn19fQ\u003d\u003d","skullowner":"e5fdfdc7-f8a4-4a77-8d7c-17d98cf8a268"},{"name":"Potted Azalea Plant","value":"eyJ0ZXh0dXJlcyI6eyJTS0lOIjp7InVybCI6Imh0dHA6Ly90ZXh0dXJlcy5taW5lY3JhZnQubmV0L3RleHR1cmUvYzM1MjU3Yjc5OWQzOTQ2OTI3ZjJiMzI1ZDM2NmViNTEwNGE1YzM1MjE5ZWU0ZTRkMzU3MjFiZjI4YTIxMCJ9fX0\u003d","skullowner":"faec9b66-94ca-4b6f-b6cd-f9a54b802ae3"},{"name":"White Vase","value":"eyJ0ZXh0dXJlcyI6eyJTS0lOIjp7InVybCI6Imh0dHA6Ly90ZXh0dXJlcy5taW5lY3JhZnQubmV0L3RleHR1cmUvZWQ3YWQxYjFkYjJiMzIzZjAxM2I3NzVhOGY5NDgxZjFjZDI5MmJmOWE1OGRkMjkwNWUzZTE5MjlkMTNiYWMifX19","skullowner":"5f2c3ed5-919f-4b7b-9168-77312885a773"},{"name":"Brown Vase","value":"eyJ0ZXh0dXJlcyI6eyJTS0lOIjp7InVybCI6Imh0dHA6Ly90ZXh0dXJlcy5taW5lY3JhZnQubmV0L3RleHR1cmUvY2E3NjY3NGM2Y2VjNmYzMWJmZWZlMDQ4M2RkYWVhYWQyMzg2ZjAyYzM1ODdmMDU1ZWFiOTFlNDRjYTdiNCJ9fX0\u003d","skullowner":"1c78d02a-2326-4989-bcb7-89fc320cae4a"},{"name":"Pink Vase","value":"eyJ0ZXh0dXJlcyI6eyJTS0lOIjp7InVybCI6Imh0dHA6Ly90ZXh0dXJlcy5taW5lY3JhZnQubmV0L3RleHR1cmUvM2M2YzFkODU0ODVlYTU2N2E1MzZkMmJiMzNkYWQ4ZmQ2ZGMzMWYxZjc0NDY3ZTdjMTdkOGQ3NWEzZDU3In19fQ\u003d\u003d","skullowner":"ee47b739-3a72-4ef1-9ae9-83b8768e4622"},{"name":"Blue Vase","value":"eyJ0ZXh0dXJlcyI6eyJTS0lOIjp7InVybCI6Imh0dHA6Ly90ZXh0dXJlcy5taW5lY3JhZnQubmV0L3RleHR1cmUvZTU4NDdiNWQxNTlhMmQwYTFkNzNhMmM4YmY4ZDllYWYxMzRmNGE2ODU0MTc2YWNlN2Q4MTk0ZmY3ODJmMjFmIn19fQ\u003d\u003d","skullowner":"338fe814-9129-4023-a901-45df208bfed5"},{"name":"Furnace","value":"eyJ0ZXh0dXJlcyI6eyJTS0lOIjp7InVybCI6Imh0dHA6Ly90ZXh0dXJlcy5taW5lY3JhZnQubmV0L3RleHR1cmUvZGZkOWIyZjQyZDVmMWMyYTc3YjUxMWZlNDFhNGM2YjVjMTkyZmIxMGIyY2VhZGRlMDViZDFhZjUyYTE1MSJ9fX0\u003d","skullowner":"40c7eaa9-dba8-4eee-ac32-5308877bb29f"},{"name":"Cauldron","value":"eyJ0ZXh0dXJlcyI6eyJTS0lOIjp7InVybCI6Imh0dHA6Ly90ZXh0dXJlcy5taW5lY3JhZnQubmV0L3RleHR1cmUvNDIyNzY4ZGI2NTczNjUxNjI2NTUyYmIyNjQ0MjYwOWE3Mjc5Yzc4NDNjYjY5YjhlNjAzZDJjMWRiNjQ1ZDAifX19","skullowner":"a96559d1-7dba-45cd-ad6c-c125dec33f48"},{"name":"Aquarium","value":"eyJ0ZXh0dXJlcyI6eyJTS0lOIjp7InVybCI6Imh0dHA6Ly90ZXh0dXJlcy5taW5lY3JhZnQubmV0L3RleHR1cmUvYzI4NDdjZDU3MTdlNWY1YTY0ZTFiYTljYjQ4MWRjOWUyMmM3OGNhMjNmODUxNmQ1NTNmNTU0MTJmYTExM2UwIn19fQ\u003d\u003d","skullowner":"5643c809-8d5c-40c6-949c-666c460fe7da"},{"name":"Wooden Crate","value":"eyJ0ZXh0dXJlcyI6eyJTS0lOIjp7InVybCI6Imh0dHA6Ly90ZXh0dXJlcy5taW5lY3JhZnQubmV0L3RleHR1cmUvYWYyMmI2YTNhMGYyNGJkZWVhYjJhNmFjZDliMWY1MmJiOTU5NGQ1ZjZiMWUyYzA1ZGRkYjIxOTQxMGM4In19fQ\u003d\u003d","skullowner":"9c1ec873-df5c-4aa2-9dac-291d7de98450"},{"name":"Christmas Present","value":"eyJ0ZXh0dXJlcyI6eyJTS0lOIjp7InVybCI6Imh0dHA6Ly90ZXh0dXJlcy5taW5lY3JhZnQubmV0L3RleHR1cmUvZjU2MTJkYzdiODZkNzFhZmMxMTk3MzAxYzE1ZmQ5NzllOWYzOWU3YjFmNDFkOGYxZWJkZjgxMTU1NzZlMmUifX19","skullowner":"6d46f5a1-a833-414c-ba0d-9842cb59316e"},{"name":"Books","value":"eyJ0ZXh0dXJlcyI6eyJTS0lOIjp7InVybCI6Imh0dHA6Ly90ZXh0dXJlcy5taW5lY3JhZnQubmV0L3RleHR1cmUvNDQxMWZjM2YyZGU1YjFlYjliODdlOTk3OTA5MTk5M2MzNDkwNTAyZWJhNzI2NWJlZDkzZDhiMWVkZjJjZmEzNyJ9fX0\u003d","skullowner":"e2a0667e-40d7-49ea-8400-8a6ca8e55354"},{"name":"Chinese Ming Vase","value":"eyJ0ZXh0dXJlcyI6eyJTS0lOIjp7InVybCI6Imh0dHA6Ly90ZXh0dXJlcy5taW5lY3JhZnQubmV0L3RleHR1cmUvNDVjYTVlODVjNGFlYTYwOGJkMzQ0M2NhYmRmMWMyYmRkZTNiNDMxYWQzYWEzOGZmZmUwNGEzMmViN2U1MjUifX19","skullowner":"035a2141-af45-49cc-9eb7-5d9a22f82f53"},{"name":"Japanese Lantern","value":"eyJ0ZXh0dXJlcyI6eyJTS0lOIjp7InVybCI6Imh0dHA6Ly90ZXh0dXJlcy5taW5lY3JhZnQubmV0L3RleHR1cmUvNzg1YWVlZDI1MmM5MjdiMmFjZWNiMWNkN2ZhYjQ1MDk3N2U1N2Q5Mjk2NjE0ZTk2NGQ0ZWNlNGQ3Yjg5ZGQwIn19fQ\u003d\u003d","skullowner":"04407f57-906a-4b3e-845c-3264be974f04"},{"name":"Chinese Lantern","value":"eyJ0ZXh0dXJlcyI6eyJTS0lOIjp7InVybCI6Imh0dHA6Ly90ZXh0dXJlcy5taW5lY3JhZnQubmV0L3RleHR1cmUvNzA4MDgyODRiYTUwZWMwODhkY2Y2ZDllNTU0OWU5MWY4MjU4NWYxYzI4Mjk5YzQwNTkzY2M4YWFmMmRiNTAifX19","skullowner":"0efe054e-f000-4a72-a606-29d76e3219ee"},{"name":"Globe","value":"eyJ0ZXh0dXJlcyI6eyJTS0lOIjp7InVybCI6Imh0dHA6Ly90ZXh0dXJlcy5taW5lY3JhZnQubmV0L3RleHR1cmUvNGQ0OGU3NWZmNTVjYjU3NTMzYzdiOTA0YmU4ODdhMzc0OTI1ZjkzODMyZjdhZTE2Yjc5MjM5ODdlOTcwIn19fQ\u003d\u003d","skullowner":"0464c495-0291-440a-9c19-ba0ff1797561"},{"name":"Paper Lantern","value":"eyJ0ZXh0dXJlcyI6eyJTS0lOIjp7InVybCI6Imh0dHA6Ly90ZXh0dXJlcy5taW5lY3JhZnQubmV0L3RleHR1cmUvMjYyODNlN2E4OGQzMjcxOTMwNGEzN2VkZTBjNmE4YzVkYzlkOWNmOWIwMGExNzljZjkwNGU4Y2U4MjEzMTIifX19","skullowner":"edaaead3-ca5d-43cb-8b76-ec8e8a90164f"},{"name":"Red Candle","value":"eyJ0ZXh0dXJlcyI6eyJTS0lOIjp7InVybCI6Imh0dHA6Ly90ZXh0dXJlcy5taW5lY3JhZnQubmV0L3RleHR1cmUvOWZkZGRkYjhlZWUxMWJjMzEyZDFhY2ZkNjIxYTQ0NmI1Njg2OGFhZjY2YTUwNzFjYTk0MjU1ODJiMThjZGQ2In19fQ\u003d\u003d","skullowner":"c16d04c8-778b-4fd4-9d96-7d367d81dc8a"},{"name":"Unlit Red Candle","value":"eyJ0ZXh0dXJlcyI6eyJTS0lOIjp7InVybCI6Imh0dHA6Ly90ZXh0dXJlcy5taW5lY3JhZnQubmV0L3RleHR1cmUvY2VhYTU1ZjQzZTVlM2FkNDliMTE0MGRmMjQ4NjYyNmNmOWYxMWRmYWY3NmYxYjI3OGI1ZDkzYmY0ZWRmMTI0In19fQ\u003d\u003d","skullowner":"4236d8b5-9918-48ff-a420-db5223af5f82"},{"name":"Stack of Books","value":"eyJ0ZXh0dXJlcyI6eyJTS0lOIjp7InVybCI6Imh0dHA6Ly90ZXh0dXJlcy5taW5lY3JhZnQubmV0L3RleHR1cmUvODJhZTE5MTA3MDg2ZGQzMTRkYWYzMWQ4NjYxOGU1MTk0OGE2ZTNlMjBkOTZkY2ExN2QyMWIyNWQ0MmQyYjI0In19fQ\u003d\u003d","skullowner":"e056ebd9-3277-47d4-9a7c-87dfabd13ed3"},{"name":"Stack of Books","value":"eyJ0ZXh0dXJlcyI6eyJTS0lOIjp7InVybCI6Imh0dHA6Ly90ZXh0dXJlcy5taW5lY3JhZnQubmV0L3RleHR1cmUvZjQ5MzkzNjU0NGNhMjkxYjlmYzc5Mjg2NjNhZTI3NjNlMTgzNTc1NmFhMWIzOTUyZjk2NWQ1MjVjMzkzN2I1ZCJ9fX0\u003d","skullowner":"d93fd71a-94fa-479b-8d8e-8bfb601a8df2"},{"name":"Fish Tank","value":"eyJ0ZXh0dXJlcyI6eyJTS0lOIjp7InVybCI6Imh0dHA6Ly90ZXh0dXJlcy5taW5lY3JhZnQubmV0L3RleHR1cmUvNGNlOGZkYTEzMDNiNWIzMjM5Yjk2ZWZiYTM5NWY2MjcxN2NjODc4NWJlMzJlMWQ4ODlhZmU2Yjk3YmIxYzFhIn19fQ\u003d\u003d","skullowner":"afcf2ba0-0405-428f-b727-c4acdda0dc75"},{"name":"Present","value":"eyJ0ZXh0dXJlcyI6eyJTS0lOIjp7InVybCI6Imh0dHA6Ly90ZXh0dXJlcy5taW5lY3JhZnQubmV0L3RleHR1cmUvYmQ3YTlmNmVkMDhkZDIxN2ZkZjA5ZjQ2NTJiZjZiN2FmNjIxZTFkNWY4OTYzNjA1MzQ5ZGE3Mzk5OGE0NDMifX19","skullowner":"7744f4b0-9aa1-4984-80f1-a5068e1a7fe2"},{"name":"Present","value":"eyJ0ZXh0dXJlcyI6eyJTS0lOIjp7InVybCI6Imh0dHA6Ly90ZXh0dXJlcy5taW5lY3JhZnQubmV0L3RleHR1cmUvNjRhYmU4MWU2ZjQ5NjFlMGY2YmQ4MmYyZDQxMzViNmI1ZmM4NDU3MzllNzFjZmUzYjg5NDM1MzFkOTIxZSJ9fX0\u003d","skullowner":"49c8ac24-641a-4f81-a394-1a55c732883e"},{"name":"CD Case","value":"eyJ0ZXh0dXJlcyI6eyJTS0lOIjp7InVybCI6Imh0dHA6Ly90ZXh0dXJlcy5taW5lY3JhZnQubmV0L3RleHR1cmUvYzI0MTI1NDhlYmQ2ODk3ZTgwOGMxZmNiYmY1YmY3YTYyNWZlMTVmYTQ4ZmJmZjRjZjgyMmIwYzhlNTdhOCJ9fX0\u003d","skullowner":"5e1d7e1e-ec26-4336-a39a-4013324bf1cb"}]