[{"name":"Gold Pot","value":"eyJ0ZXh0dXJlcyI6eyJTS0lOIjp7InVybCI6Imh0dHA6Ly90ZXh0dXJlcy5taW5lY3JhZnQubmV0L3RleHR1cmUvYWE5NzZmNmRmY2YxODg5OTVhMzI3ZTU1Y2UzNGM2MGU2ZGNkMWZmNjNlNjhkZDFmYzNhZDc1ZDJkMWJmIn19fQ\u003d\u003d","skullowner":"336cacb9-2ac6-4e42-84ac-77f8abe4c8e9"},{"name":"Lava Bucket","value":"eyJ0ZXh0dXJlcyI6eyJTS0lOIjp7InVybCI6Imh0dHA6Ly90ZXh0dXJlcy5taW5lY3JhZnQubmV0L3RleHR1cmUvOGQ1NDI3YTgzNTQwYTA4YTNmYTJlNjU1YzI5NjRhMDcyNDM1MTQ1ODRhNzFlYzM1ZDZiOWUxODRkZmJlMzE4In19fQ\u003d\u003d","skullowner":"511af44d-67f6-44e7-a3c2-64d844cd3954"},{"name":"Milk Bucket","value":"eyJ0ZXh0dXJlcyI6eyJTS0lOIjp7InVybCI6Imh0dHA6Ly90ZXh0dXJlcy5taW5lY3JhZnQubmV0L3RleHR1cmUvZjU4Yzk3NTY2MWMzZTk0ZmMzNTExNTY0ODE1OGUzZWU5ZjgwZGY3NGE0Mzk5ZTRkMzFjYTVkYmJjYWYyOWI2In19fQ\u003d\u003d","skullowner":"5bd86036-06c1-48a4-846b-1ea6eac66d70"},{"name":"Empty Bucket","value":"eyJ0ZXh0dXJlcyI6eyJTS0lOIjp7InVybCI6Imh0dHA6Ly90ZXh0dXJlcy5taW5lY3JhZnQubmV0L3RleHR1cmUvMjFlYTgyNTE1MGIwNmU2NWUyY2ViNTkzYWZlMzQyZGNhNTZkZGExMmJmNmM5Njk2ZmI4MmY5MGRjZDQyM2FiIn19fQ\u003d\u003d","skullowner":"f7210576-cd02-4b4d-9448-8093bb72f592"},{"name":"Water Bucket","value":"eyJ0ZXh0dXJlcyI6eyJTS0lOIjp7InVybCI6Imh0dHA6Ly90ZXh0dXJlcy5taW5lY3JhZnQubmV0L3RleHR1cmUvNDlmMWYwN2UyYjFjMzJiYjY0YTEyOGU1MjlmM2FmMWU1Mjg2ZTUxODU0NGVkZjhjYmFhNmM0MDY1YjQ3NmIifX19","skullowner":"8306a6f1-bb5f-45d2-b59d-ac953142fec1"},{"name":"Mailbox","value":"eyJ0ZXh0dXJlcyI6eyJTS0lOIjp7InVybCI6Imh0dHA6Ly90ZXh0dXJlcy5taW5lY3JhZnQubmV0L3RleHR1cmUvNzBkMjI3YjMzMjY1OTZjYjkyZTY4MWE0NDVkYzk5ZDRjNjk2NWYxMWE4MDg2YWVlNjJkZGYwOWI3NzViIn19fQ\u003d\u003d","skullowner":"d6f26320-f6ba-449b-941e-a40ea4cba27a"},{"name":"Space Helmet","value":"eyJ0ZXh0dXJlcyI6eyJTS0lOIjp7InVybCI6Imh0dHA6Ly90ZXh0dXJlcy5taW5lY3JhZnQubmV0L3RleHR1cmUvM2U4YWFkNjczMTU3YzkyMzE3YTg4YjFmODZmNTI3MWYxY2Q3Mzk3ZDdmYzhlYzMyODFmNzMzZjc1MTYzNCJ9fX0\u003d","skullowner":"fc6f2ea4-543e-477f-98db-02c0f51f32d8"},{"name":"Space Helmet","value":"eyJ0ZXh0dXJlcyI6eyJTS0lOIjp7InVybCI6Imh0dHA6Ly90ZXh0dXJlcy5taW5lY3JhZnQubmV0L3RleHR1cmUvMzAyZTIyZjY1MDNjMzYzZGY2OWJmOWU5NDQ4ZmU4OWQyZjA1YmFlMzA1MzRiOGJiMTlkMjY4ZjA5ODliOTYifX19","skullowner":"822833e6-c3ec-457e-aeef-1fac97799e5f"},{"name":"Football Helmet","value":"eyJ0ZXh0dXJlcyI6eyJTS0lOIjp7InVybCI6Imh0dHA6Ly90ZXh0dXJlcy5taW5lY3JhZnQubmV0L3RleHR1cmUvNGQ3YjYyYWNhMjg0NDViOGUxMWVhMTc1MGVlYWNkOTc5MzJmYTM3YmE3NDQ3Njg1NzNlOGRjNThhNmFmMSJ9fX0\u003d","skullowner":"fe7d85f9-8961-4208-95ad-339d87bb4c7d"},{"name":"Eye","value":"eyJ0ZXh0dXJlcyI6eyJTS0lOIjp7InVybCI6Imh0dHA6Ly90ZXh0dXJlcy5taW5lY3JhZnQubmV0L3RleHR1cmUvMmNlZjg3NzcyYWZkODViNDY4ZjRjN2ZiOTU3MWUzMTQzNWVmNzY1YWQ0MTNmZTQ2MDI2MjE1MDQyM2UyMDIxIn19fQ\u003d\u003d","skullowner":"f9f975e2-cdf7-411b-9323-f5db9969f4e2"},{"name":"Red Mushroom","value":"eyJ0ZXh0dXJlcyI6eyJTS0lOIjp7InVybCI6Imh0dHA6Ly90ZXh0dXJlcy5taW5lY3JhZnQubmV0L3RleHR1cmUvNzMyZGJkNjYxMmU5ZDNmNDI5NDdiNWNhODc4NWJmYjMzNDI1OGYzY2ViODNhZDY5YTVjZGVlYmVhNGNkNjUifX19","skullowner":"adb9a7ec-10d9-406f-85bd-69207e1aaee1"},{"name":"Pine Cone","value":"eyJ0ZXh0dXJlcyI6eyJTS0lOIjp7InVybCI6Imh0dHA6Ly90ZXh0dXJlcy5taW5lY3JhZnQubmV0L3RleHR1cmUvMTk4OGVjNjVjNTFhODU3NzJjOGQ4NmQ3NGVhOGUwZTU3MjUyM2JmOGVkYzhjYmE1YWQxMTk1MmZiZWJlNjYwIn19fQ\u003d\u003d","skullowner":"563d652a-7792-4db6-8005-0e709736333b"},{"name":"Cannonball","value":"eyJ0ZXh0dXJlcyI6eyJTS0lOIjp7InVybCI6Imh0dHA6Ly90ZXh0dXJlcy5taW5lY3JhZnQubmV0L3RleHR1cmUvMjI1MjNlMTVlOTk4NjM1NWExZjg1MWY0M2Y3NTBlZTNmMjNjODlhZTEyMzYzMWRhMjQxZjg3MmJhN2E3ODEifX19","skullowner":"d9dc3de0-66f8-4156-888c-ee63da497460"},{"name":"Cannonball","value":"eyJ0ZXh0dXJlcyI6eyJTS0lOIjp7InVybCI6Imh0dHA6Ly90ZXh0dXJlcy5taW5lY3JhZnQubmV0L3RleHR1cmUvOTk2NzU0ZDMzMDQzNTM0NWFhZTNhOWYwNjNjZmNhNDJhZmIyOGI3YzVjNGJiOWYyOTRlZDI1MjdkOTYxIn19fQ\u003d\u003d","skullowner":"4dc013ea-3132-4271-a54a-ebc1f543968a"},{"name":"Target","value":"eyJ0ZXh0dXJlcyI6eyJTS0lOIjp7InVybCI6Imh0dHA6Ly90ZXh0dXJlcy5taW5lY3JhZnQubmV0L3RleHR1cmUvODZmY2FlZmExOTY2OWQ4YmUwMmNmNWJhOWE3ZjJjZjZkMjdlNjM2NDEwNDk2ZmZjZmE2MmIwM2RjZWI5ZDM3OCJ9fX0\u003d","skullowner":"d8589165-a9d7-4215-924d-d43395bf9eb3"},{"name":"Cactus","value":"eyJ0ZXh0dXJlcyI6eyJTS0lOIjp7InVybCI6Imh0dHA6Ly90ZXh0dXJlcy5taW5lY3JhZnQubmV0L3RleHR1cmUvMzhjOWE3MzAyNjljZTFkZTNlOWZhMDY0YWZiMzcwY2JjZDA3NjZkNzI5ZjNlMjllNGYzMjBhNDMzYjA5OGI1In19fQ\u003d\u003d","skullowner":"8637acbc-b72f-4155-8115-7decc158e60a"},{"name":"Facebook","value":"eyJ0ZXh0dXJlcyI6eyJTS0lOIjp7InVybCI6Imh0dHA6Ly90ZXh0dXJlcy5taW5lY3JhZnQubmV0L3RleHR1cmUvZGViNDYxMjY5MDQ0NjNmMDdlY2ZjOTcyYWFhMzczNzNhMjIzNTliNWJhMjcxODIxYjY4OWNkNTM2N2Y3NTc2MiJ9fX0\u003d","skullowner":"4ac1c429-e329-4861-b1d6-c4bde50022d9"},{"name":"Twitter","value":"eyJ0ZXh0dXJlcyI6eyJTS0lOIjp7InVybCI6Imh0dHA6Ly90ZXh0dXJlcy5taW5lY3JhZnQubmV0L3RleHR1cmUvMzY4NWEwYmU3NDNlOTA2N2RlOTVjZDhjNmQxYmEyMWFiMjFkMzczNzFiM2Q1OTcyMTFiYjc1ZTQzMjc5In19fQ\u003d\u003d","skullowner":"45eeb2cc-e4ef-4012-beae-c3bc6c79e939"},{"name":"Youtube","value":"eyJ0ZXh0dXJlcyI6eyJTS0lOIjp7InVybCI6Imh0dHA6Ly90ZXh0dXJlcy5taW5lY3JhZnQubmV0L3RleHR1cmUvYjQzNTNmZDBmODYzMTQzNTM4NzY1ODYwNzViOWJkZjBjNDg0YWFiMDMzMWI4NzJkZjExYmQ1NjRmY2IwMjllZCJ9fX0\u003d","skullowner":"4ec6d571-4553-4a75-a4ae-6e104bcc76f0"},{"name":"Firecharge","value":"eyJ0ZXh0dXJlcyI6eyJTS0lOIjp7InVybCI6Imh0dHA6Ly90ZXh0dXJlcy5taW5lY3JhZnQubmV0L3RleHR1cmUvOWMyZTlkODM5NWNhY2Q5OTIyODY5YzE1MzczY2Y3Y2IxNmRhMGE1Y2U1ZjNjNjMyYjE5Y2ViMzkyOWM5YTExIn19fQ\u003d\u003d","skullowner":"2a0c6eae-1ad9-4675-bde7-4bc860acf5db"},{"name":"Portable Grill","value":"eyJ0ZXh0dXJlcyI6eyJTS0lOIjp7InVybCI6Imh0dHA6Ly90ZXh0dXJlcy5taW5lY3JhZnQubmV0L3RleHR1cmUvMzE4ZTM1ZWM0YjRiNGMxNTkxYzUxNzczODZkZTE4Nzk3NDU0Mjk4Yjc0NTU5ODJlM2FlODNiYWNjZWQwZjFhMiJ9fX0\u003d","skullowner":"756a71b1-6473-4b0a-9a25-745b5de2b43d"},{"name":"Wilson - Castaway","value":"eyJ0ZXh0dXJlcyI6eyJTS0lOIjp7InVybCI6Imh0dHA6Ly90ZXh0dXJlcy5taW5lY3JhZnQubmV0L3RleHR1cmUvZTk4ZDRmZTUxNzZhM2FjY2RlYmIxYzNmYjBiMjZjZjNhMTgxZmZmYzE2MGVhNTJhMDI4Y2I0MWYzNGNmZTEifX19","skullowner":"588104b8-7f0e-4575-8c51-6c51a29d4b56"},{"name":"Mailbox","value":"eyJ0ZXh0dXJlcyI6eyJTS0lOIjp7InVybCI6Imh0dHA6Ly90ZXh0dXJlcy5taW5lY3JhZnQubmV0L3RleHR1cmUvZGFjYmJjYTU2NzM3MmE5YjJiMzZjOGY2ODE1NDg1MWJkYTVlZTFkNTNlMmJjMjA4YTExNTJkOWExOGQyY2IifX19","skullowner":"4113ced7-576b-4c03-8a92-0937d5966ea1"},{"name":"Skull","value":"eyJ0ZXh0dXJlcyI6eyJTS0lOIjp7InVybCI6Imh0dHA6Ly90ZXh0dXJlcy5taW5lY3JhZnQubmV0L3RleHR1cmUvMWFlMzg1NWY5NTJjZDRhMDNjMTQ4YTk0NmUzZjgxMmE1OTU1YWQzNWNiY2I1MjYyN2VhNGFjZDQ3ZDMwODEifX19","skullowner":"c659cdd4-e436-4977-a6a7-d5518ebecfbb"},{"name":"Missing Texture","value":"eyJ0ZXh0dXJlcyI6eyJTS0lOIjp7InVybCI6Imh0dHA6Ly90ZXh0dXJlcy5taW5lY3JhZnQubmV0L3RleHR1cmUvZTllYjlkYTI2Y2YyZDMzNDEzOTdhN2Y0OTEzYmEzZDM3ZDFhZDEwZWFlMzBhYjI1ZmEzOWNlYjg0YmMifX19","skullowner":"5d43c6dd-ca01-466c-9614-764449140917"},{"name":"Green Ore","value":"eyJ0ZXh0dXJlcyI6eyJTS0lOIjp7InVybCI6Imh0dHA6Ly90ZXh0dXJlcy5taW5lY3JhZnQubmV0L3RleHR1cmUvNThjMjA2ZTI5OTI0Yjk5MTZkNGQyNGRmYmJjMzhmMjhiNDRkNmQzY2ZhMjNhZGVjOWVkM2E4ZmNlMWI3YjIifX19","skullowner":"8e9697d5-a5c9-4f9c-9b6e-041c914a328e"},{"name":"Cactus Flower","value":"eyJ0ZXh0dXJlcyI6eyJTS0lOIjp7InVybCI6Imh0dHA6Ly90ZXh0dXJlcy5taW5lY3JhZnQubmV0L3RleHR1cmUvOTA0ZjFhNTU5NDNjNTk0ZTcxMTllODg0YzVkYTJhMmJjYThlN2U2NTE2YTA2NDlhYTdlNTU2NThlMGU5In19fQ\u003d\u003d","skullowner":"29e88651-1357-42e0-8b06-cbb08bfdcd5b"},{"name":"Molten Core","value":"eyJ0ZXh0dXJlcyI6eyJTS0lOIjp7InVybCI6Imh0dHA6Ly90ZXh0dXJlcy5taW5lY3JhZnQubmV0L3RleHR1cmUvNWJiMjhiYjBiZjFhZDIxN2QyYTgxMTkxZWZmY2M2OWZlMTc0NzE0YTQzMmZkNzFmYTYwYWE1MGYzNzEyYjk3In19fQ\u003d\u003d","skullowner":"bd584864-2c12-43f6-b537-d933cffaa303"},{"name":"Reddit","value":"eyJ0ZXh0dXJlcyI6eyJTS0lOIjp7InVybCI6Imh0dHA6Ly90ZXh0dXJlcy5taW5lY3JhZnQubmV0L3RleHR1cmUvNGQ5YmQ0YjJmYThkYTgyNDdhODJjM2QxZmEyNDY3MTVmOWI2ZDk4Yzc3ODM3NGRhNmVmYzEwYzg5Y2Q2NCJ9fX0\u003d","skullowner":"4e5da33e-189b-4ea7-9d17-508f8aa22f06"},{"name":"Gold Steve Head","value":"eyJ0ZXh0dXJlcyI6eyJTS0lOIjp7InVybCI6Imh0dHA6Ly90ZXh0dXJlcy5taW5lY3JhZnQubmV0L3RleHR1cmUvZjkzN2UxYzQ1YmI4ZGEyOWIyYzU2NGRkOWE3ZGE3ODBkZDJmZTU0NDY4YTVkZmI0MTEzYjRmZjY1OGYwNDNlMSJ9fX0\u003d","skullowner":"844064fd-71f0-4aa2-a336-10bbada597d1"},{"name":"Diamond Steve Head","value":"eyJ0ZXh0dXJlcyI6eyJTS0lOIjp7InVybCI6Imh0dHA6Ly90ZXh0dXJlcy5taW5lY3JhZnQubmV0L3RleHR1cmUvMTBiOGViMzMzNjIyYWU3ZGU5YjUzYjM2MDJmNDFmNjNkYjljMjUyOGI1YmUyMzFhYzk2NTE2NjExZmIxYSJ9fX0\u003d","skullowner":"df9697d6-a5ce-4b78-acf7-a4b8b0b74066"},{"name":"Mushroom Stem","value":"eyJ0ZXh0dXJlcyI6eyJTS0lOIjp7InVybCI6Imh0dHA6Ly90ZXh0dXJlcy5taW5lY3JhZnQubmV0L3RleHR1cmUvZjU1ZmE2NDJkNWViY2JhMmM1MjQ2ZmU2NDk5YjFjNGY2ODAzYzEwZjE0ZjUyOTljOGU1OTgxOWQ1ZGMifX19","skullowner":"1d76cb23-a722-4247-97f9-450b140489a5"},{"name":"Cocoa Bean","value":"eyJ0ZXh0dXJlcyI6eyJTS0lOIjp7InVybCI6Imh0dHA6Ly90ZXh0dXJlcy5taW5lY3JhZnQubmV0L3RleHR1cmUvNTA4M2VjMmIwMWRjMGZlZTc5YWEzMjE4OGQ5NDI5YWNjNjhlY2Y3MTQwOGRjYTA0YWFhYjUzYWQ4YmVhMCJ9fX0\u003d","skullowner":"226f1ae5-09c3-4af3-8754-9d69b3bd18aa"},{"name":"Brown Mushroom","value":"eyJ0ZXh0dXJlcyI6eyJTS0lOIjp7InVybCI6Imh0dHA6Ly90ZXh0dXJlcy5taW5lY3JhZnQubmV0L3RleHR1cmUvZmE0OWVjYTAzNjlkMWUxNThlNTM5ZDc4MTQ5YWNiMTU3Mjk0OWI4OGJhOTIxZDllZTY5NGZlYTRjNzI2YjMifX19","skullowner":"9fe6de36-b793-4ffc-9189-b17fb1a4abfb"},{"name":"Light Brown Mushroom","value":"eyJ0ZXh0dXJlcyI6eyJTS0lOIjp7InVybCI6Imh0dHA6Ly90ZXh0dXJlcy5taW5lY3JhZnQubmV0L3RleHR1cmUvM2ZhMzljY2Y0Nzg4ZDkxNzlhODc5NWU2YjcyMzgyZDQ5Mjk3YjM5MjE3MTQ2ZWRhNjhhZTc4Mzg0MzU1YjEzIn19fQ\u003d\u003d","skullowner":"7b587773-2eb3-4d76-98cf-5073875d394d"},{"name":"Green Ore","value":"eyJ0ZXh0dXJlcyI6eyJTS0lOIjp7InVybCI6Imh0dHA6Ly90ZXh0dXJlcy5taW5lY3JhZnQubmV0L3RleHR1cmUvZGM2YmFjZDM2ZWQ2MGY1MzMxMzhlNzU5YzQyNTk0NjIyMmI3OGVkYTZiNjE2MjE2ZjZkY2MwOGU5MGQzM2UifX19","skullowner":"948d2211-0eec-4bd9-a7b7-8679892f13b5"},{"name":"Bundle of Burnt Torches","value":"eyJ0ZXh0dXJlcyI6eyJTS0lOIjp7InVybCI6Imh0dHA6Ly90ZXh0dXJlcy5taW5lY3JhZnQubmV0L3RleHR1cmUvODY3OTNiYWM0YTFmOTc0MTQyZWY4OTE2NjQyNzEwOTQ5ZDdlMzhmODdhZWJkMzgwNzQyY2NjMzc0ZjFkZTEifX19","skullowner":"f2190f0b-7b66-490a-bab4-00561d3d81df"},{"name":"Skype","value":"eyJ0ZXh0dXJlcyI6eyJTS0lOIjp7InVybCI6Imh0dHA6Ly90ZXh0dXJlcy5taW5lY3JhZnQubmV0L3RleHR1cmUvMmVjMTgyZGE3ZDNjMGE4YWNjM2JlOWI3N2MyOWJlNDdlMDhjMjBiMDUwYjEzZmQ0YzRjN2Q3MWY2NjI3MyJ9fX0\u003d","skullowner":"2fa164a7-b9a1-40c7-9029-a91a579dc7b9"},{"name":"TNT Minecart","value":"eyJ0ZXh0dXJlcyI6eyJTS0lOIjp7InVybCI6Imh0dHA6Ly90ZXh0dXJlcy5taW5lY3JhZnQubmV0L3RleHR1cmUvYzRkN2ZjOGUzYTk1OWFkZTdkOWNmNjYzZjFlODJkYjc5NzU1NDNlMjg4YWI4ZDExZWIyNTQxODg4MjEzNTI2In19fQ\u003d\u003d","skullowner":"97a0f14d-8c68-4050-b710-60c11812d760"},{"name":"Furnace Minecart","value":"eyJ0ZXh0dXJlcyI6eyJTS0lOIjp7InVybCI6Imh0dHA6Ly90ZXh0dXJlcy5taW5lY3JhZnQubmV0L3RleHR1cmUvZTA3OWFiYmFmYjk4MWM3OTVhOWEyZjgyYmFiM2ZiZDlmMTY2YjhjMGRiZjlhMTc1MWQ3NjliZWFjNjY3YjYifX19","skullowner":"b1ef897a-7b95-4542-affa-2a9367a7cc16"},{"name":"Chest Minecart","value":"eyJ0ZXh0dXJlcyI6eyJTS0lOIjp7InVybCI6Imh0dHA6Ly90ZXh0dXJlcy5taW5lY3JhZnQubmV0L3RleHR1cmUvNGNlZDM0MjExZmVkNDAxMGE4Yzg1NzI0YTI3ZmE1ZmIyMDVkNjc2ODRiM2RhNTE3YjY4MjEyNzljNmI2NWQzZiJ9fX0\u003d","skullowner":"51d804d1-d40f-4a6b-a823-8b95df669eae"},{"name":"Command Block Minecart","value":"eyJ0ZXh0dXJlcyI6eyJTS0lOIjp7InVybCI6Imh0dHA6Ly90ZXh0dXJlcy5taW5lY3JhZnQubmV0L3RleHR1cmUvYmE5MDUzZDIxNjNkMGY1NjExNDVkMzNhNTEzMTQ1ZDRhYzFmOGE0NThiYWE3OTZiZTM4M2U3NTI1YTA1ZjQ1In19fQ\u003d\u003d","skullowner":"f6a8a394-eaa1-446d-9cf3-1a451fd29c75"},{"name":"Scared","value":"eyJ0ZXh0dXJlcyI6eyJTS0lOIjp7InVybCI6Imh0dHA6Ly90ZXh0dXJlcy5taW5lY3JhZnQubmV0L3RleHR1cmUvNjM2ZTI2YzQ0NjU5ZTgxNDhlZDU4YWE3OWU0ZDYwZGI1OTVmNDI2NDQyMTE2ZjgxYjU0MTVjMjQ0NmVkOCJ9fX0\u003d","skullowner":"2cd3dbb5-6136-4127-9e14-89c328660871"},{"name":"Angel","value":"eyJ0ZXh0dXJlcyI6eyJTS0lOIjp7InVybCI6Imh0dHA6Ly90ZXh0dXJlcy5taW5lY3JhZnQubmV0L3RleHR1cmUvM2UxZGViYzczMjMxZjhlZDRiNjlkNWMzYWMxYjFmMThmMzY1NmE4OTg4ZTIzZjJlMWJkYmM0ZTg1ZjZkNDZhIn19fQ\u003d\u003d","skullowner":"fd9dd8fa-58b2-49cb-a5fa-eacb62bb9bfc"},{"name":"Embarrased","value":"eyJ0ZXh0dXJlcyI6eyJTS0lOIjp7InVybCI6Imh0dHA6Ly90ZXh0dXJlcy5taW5lY3JhZnQubmV0L3RleHR1cmUvZjcyMGRmOTExYzA1MjM3NzA2NTQwOGRiNzhhMjVjNjc4Zjc5MWViOTQ0YzA2MzkzNWFlODZkYmU1MWM3MWIifX19","skullowner":"80e16b56-8d8c-4ea0-b3b2-dd69c7bd56cf"},{"name":"Kissy","value":"eyJ0ZXh0dXJlcyI6eyJTS0lOIjp7InVybCI6Imh0dHA6Ly90ZXh0dXJlcy5taW5lY3JhZnQubmV0L3RleHR1cmUvNTQ1YmQxOGEyYWFmNDY5ZmFkNzJlNTJjZGU2Y2ZiMDJiZmJhYTViZmVkMmE4MTUxMjc3Zjc3OWViY2RjZWMxIn19fQ\u003d\u003d","skullowner":"c7360c40-1b10-4a11-8322-697962372596"},{"name":"Sad","value":"eyJ0ZXh0dXJlcyI6eyJTS0lOIjp7InVybCI6Imh0dHA6Ly90ZXh0dXJlcy5taW5lY3JhZnQubmV0L3RleHR1cmUvMTQ5NjhhYzVhZjMxNDY4MjZmYTJiMGQ0ZGQxMTRmZGExOTdmOGIyOGY0NzUwNTUzZjNmODg4MzZhMjFmYWM5In19fQ\u003d\u003d","skullowner":"fedea798-0986-4e09-bbfd-a2a6be7e230b"},{"name":"Cool","value":"eyJ0ZXh0dXJlcyI6eyJTS0lOIjp7InVybCI6Imh0dHA6Ly90ZXh0dXJlcy5taW5lY3JhZnQubmV0L3RleHR1cmUvODY4ZjRjZWY5NDlmMzJlMzNlYzVhZTg0NWY5YzU2OTgzY2JlMTMzNzVhNGRlYzQ2ZTViYmZiN2RjYjYifX19","skullowner":"bcefcc41-e997-4845-ae08-7b8a1a2d51b6"},{"name":"Suprised","value":"eyJ0ZXh0dXJlcyI6eyJTS0lOIjp7InVybCI6Imh0dHA6Ly90ZXh0dXJlcy5taW5lY3JhZnQubmV0L3RleHR1cmUvYmMyYjliOWFlNjIyYmQ2OGFkZmY3MTgwZjgyMDZlYzQ0OTRhYmJmYTEzMGU5NGE1ODRlYzY5MmU4OTg0YWIyIn19fQ\u003d\u003d","skullowner":"1a61537c-52d6-429d-9314-8420d631b494"},{"name":"Dead","value":"eyJ0ZXh0dXJlcyI6eyJTS0lOIjp7InVybCI6Imh0dHA6Ly90ZXh0dXJlcy5taW5lY3JhZnQubmV0L3RleHR1cmUvYjM3MWU0ZTFjZjZhMWEzNmZkYWUyNzEzN2ZkOWI4NzQ4ZTYxNjkyOTk5MjVmOWFmMmJlMzAxZTU0Mjk4YzczIn19fQ\u003d\u003d","skullowner":"275a74fe-e3e4-4aff-86a2-68e3fb9720d7"},{"name":"Forever Crying","value":"eyJ0ZXh0dXJlcyI6eyJTS0lOIjp7InVybCI6Imh0dHA6Ly90ZXh0dXJlcy5taW5lY3JhZnQubmV0L3RleHR1cmUvMWYxYjg3NWRlNDljNTg3ZTNiNDAyM2NlMjRkNDcyZmYyNzU4M2ExZjA1NGYzN2U3M2ExMTU0YjViNTQ5OCJ9fX0\u003d","skullowner":"b03562f3-2a20-4257-bb62-e040f552c297"},{"name":"Big Grin","value":"eyJ0ZXh0dXJlcyI6eyJTS0lOIjp7InVybCI6Imh0dHA6Ly90ZXh0dXJlcy5taW5lY3JhZnQubmV0L3RleHR1cmUvNTA1OWQ1OWViNGU1OWMzMWVlY2Y5ZWNlMmY5Y2YzOTM0ZTQ1YzBlYzQ3NmZjODZiZmFlZjhlYTkxM2VhNzEwIn19fQ\u003d\u003d","skullowner":"988770c2-3a2d-41c3-a753-b13fa383e823"},{"name":"Wink","value":"eyJ0ZXh0dXJlcyI6eyJTS0lOIjp7InVybCI6Imh0dHA6Ly90ZXh0dXJlcy5taW5lY3JhZnQubmV0L3RleHR1cmUvZjRlYTJkNmY5MzlmZWZlZmY1ZDEyMmU2M2RkMjZmYThhNDI3ZGY5MGIyOTI4YmMxZmE4OWE4MjUyYTdlIn19fQ\u003d\u003d","skullowner":"81faf4e7-33e6-4cfd-bb15-21268d8def8b"},{"name":"Derp","value":"eyJ0ZXh0dXJlcyI6eyJTS0lOIjp7InVybCI6Imh0dHA6Ly90ZXh0dXJlcy5taW5lY3JhZnQubmV0L3RleHR1cmUvM2JhYWJlNzI0ZWFlNTljNWQxM2Y0NDJjN2RjNWQyYjFjNmI3MGMyZjgzMzY0YTQ4OGNlNTk3M2FlODBiNGMzIn19fQ\u003d\u003d","skullowner":"58c6ac60-cbce-4ecb-981b-e79a87ad2bb6"},{"name":"Mustache","value":"eyJ0ZXh0dXJlcyI6eyJTS0lOIjp7InVybCI6Imh0dHA6Ly90ZXh0dXJlcy5taW5lY3JhZnQubmV0L3RleHR1cmUvMzYzNmYyNzI0YWE2YWE0ZGU3YWM0NmMxOWYzYzg0NWZiMTQ4NDdhNTE4YzhmN2UwM2Q3OTJjODJlZmZiMSJ9fX0\u003d","skullowner":"0d7d6e4d-fb18-491b-a7b6-dbf45d923811"},{"name":"Big Smile","value":"eyJ0ZXh0dXJlcyI6eyJTS0lOIjp7InVybCI6Imh0dHA6Ly90ZXh0dXJlcy5taW5lY3JhZnQubmV0L3RleHR1cmUvN2ZmYWNjZjE3ODc5YjE3ODkxZmM1ZWY2NjQ3MmNjMDY2YTg1YmZhMzFiNmQ3ODZjMzJhZmVlNDc5NjA2OGQifX19","skullowner":"0beedb99-f64e-4a26-93f3-8f3af84050aa"},{"name":"Smile","value":"eyJ0ZXh0dXJlcyI6eyJTS0lOIjp7InVybCI6Imh0dHA6Ly90ZXh0dXJlcy5taW5lY3JhZnQubmV0L3RleHR1cmUvNTJlOTgxNjVkZWVmNGVkNjIxOTUzOTIxYzFlZjgxN2RjNjM4YWY3MWMxOTM0YTQyODdiNjlkN2EzMWY2YjgifX19","skullowner":"7eed1a86-983c-4fd3-95d6-1f085372628a"},{"name":"Beehive","value":"eyJ0ZXh0dXJlcyI6eyJTS0lOIjp7InVybCI6Imh0dHA6Ly90ZXh0dXJlcy5taW5lY3JhZnQubmV0L3RleHR1cmUvMjAzNDJkYzljMmFkODg2YWNmZTNjYTJlOTg3YjdlMjhhODdjNzc0Y2E1ZjNkOGNiMmJmYWJlMTMxY2FmZTgifX19","skullowner":"aba20a14-035b-4794-b18c-b22ac6cc4477"},{"name":"Netherlands","value":"eyJ0ZXh0dXJlcyI6eyJTS0lOIjp7InVybCI6Imh0dHA6Ly90ZXh0dXJlcy5taW5lY3JhZnQubmV0L3RleHR1cmUvYzIzY2YyMTBlZGVhMzk2ZjJmNWRmYmNlZDY5ODQ4NDM0ZjkzNDA0ZWVmZWFiZjU0YjIzYzA3M2IwOTBhZGYifX19","skullowner":"5ddfbff0-7173-48ec-82e6-73343e7fce0f"},{"name":"Norway","value":"eyJ0ZXh0dXJlcyI6eyJTS0lOIjp7InVybCI6Imh0dHA6Ly90ZXh0dXJlcy5taW5lY3JhZnQubmV0L3RleHR1cmUvZTA1OTZlMTY1ZWMzZjM4OWI1OWNmZGRhOTNkZDZlMzYzZTk3ZDljNjQ1NmU3YzJlMTIzOTczZmE2YzVmZGEifX19","skullowner":"75648ac5-00c3-4d44-8cbd-0f5fc2b5fe2e"},{"name":"Sweden","value":"eyJ0ZXh0dXJlcyI6eyJTS0lOIjp7InVybCI6Imh0dHA6Ly90ZXh0dXJlcy5taW5lY3JhZnQubmV0L3RleHR1cmUvZTkxMDkwNGJmZjljODZmNmVkNDc2ODhlOTQyOWMyNmU4ZDljNWQ1NzQzYmQzZWJiOGU2ZjUwNDBiZTE5Mjk5OCJ9fX0\u003d","skullowner":"7b797a5a-7ca2-4049-a637-c01dc139c2c7"},{"name":"Egypt","value":"eyJ0ZXh0dXJlcyI6eyJTS0lOIjp7InVybCI6Imh0dHA6Ly90ZXh0dXJlcy5taW5lY3JhZnQubmV0L3RleHR1cmUvODI2ZTc0MmIzMmYwZjhkYjU5YzA3YjFiY2RkZTZmOGE5M2Y4NWM5MjllNTk4YzdlOTI3M2I5MjExZjJjZTc4In19fQ\u003d\u003d","skullowner":"31f76680-6caf-4b98-806a-3c79dfebe51e"},{"name":"Chile","value":"eyJ0ZXh0dXJlcyI6eyJTS0lOIjp7InVybCI6Imh0dHA6Ly90ZXh0dXJlcy5taW5lY3JhZnQubmV0L3RleHR1cmUvZWQxZGRkYzY2NTYxNGM5ZjY0ODdiYTljNjY2ZGE3NTc5NTYxNTg5YTQ5NGVmNzQ0YWFmOGY0Zjg4YTE2In19fQ\u003d\u003d","skullowner":"139fbc59-f696-486f-a124-d8890d13bdce"},{"name":"Monaco","value":"eyJ0ZXh0dXJlcyI6eyJTS0lOIjp7InVybCI6Imh0dHA6Ly90ZXh0dXJlcy5taW5lY3JhZnQubmV0L3RleHR1cmUvNWRiMjY3OGNjYWJhNzkzNDQxMmNiOTdlZTE2ZDQxNjQ2M2EzOTI1NzRjNTkwNjM1MmYxOGRlYTQyODk1ZWUifX19","skullowner":"d85773e9-b088-4f44-8eac-c955d46d46a1"},{"name":"Canada","value":"eyJ0ZXh0dXJlcyI6eyJTS0lOIjp7InVybCI6Imh0dHA6Ly90ZXh0dXJlcy5taW5lY3JhZnQubmV0L3RleHR1cmUvZjI0MWE2OTdmNmRmYjFjNTdjZGEzMjdiYWE2NzMyYTc4MjhjMzk4YmU0ZWJmZGJkMTY2YzIzMmJjYWUyYiJ9fX0\u003d","skullowner":"ec3a65b7-41d5-40cf-8a0b-0256d065a57d"},{"name":"United States of America","value":"eyJ0ZXh0dXJlcyI6eyJTS0lOIjp7InVybCI6Imh0dHA6Ly90ZXh0dXJlcy5taW5lY3JhZnQubmV0L3RleHR1cmUvN2QxNWQ1NjYyMDJhYzBlNzZjZDg5Nzc1OWRmNWQwMWMxMWY5OTFiZDQ2YzVjOWEwNDM1N2VhODllZTc1In19fQ\u003d\u003d","skullowner":"a1495fae-beba-439d-825e-ae692eef70c6"},{"name":"Belgium","value":"eyJ0ZXh0dXJlcyI6eyJTS0lOIjp7InVybCI6Imh0dHA6Ly90ZXh0dXJlcy5taW5lY3JhZnQubmV0L3RleHR1cmUvNWM3OGFhZTQyZWY5ZWU5ZmFhNjdiNjRiYjk3NGNlYTI3NWNlNzAyNjU1ZDM1Zjg0MWI2MDE3NDE2ZWUxYzM5MyJ9fX0\u003d","skullowner":"936fbddc-df45-41ed-ae0f-c2f228f246fd"},{"name":"Italy","value":"eyJ0ZXh0dXJlcyI6eyJTS0lOIjp7InVybCI6Imh0dHA6Ly90ZXh0dXJlcy5taW5lY3JhZnQubmV0L3RleHR1cmUvYTU2YzVjYzE3MzE5YTZjOWVjODQ3MjUyZTRkMjc0NTUyZDk3ZGE5NWUxMDg1MDcyZGJhNDlkMTE3Y2YzIn19fQ\u003d\u003d","skullowner":"caf1c8f6-f502-43c9-b460-badfbf68f042"},{"name":"England","value":"eyJ0ZXh0dXJlcyI6eyJTS0lOIjp7InVybCI6Imh0dHA6Ly90ZXh0dXJlcy5taW5lY3JhZnQubmV0L3RleHR1cmUvYmVlNWM4NTBhZmJiN2Q4ODQzMjY1YTE0NjIxMWFjOWM2MTVmNzMzZGNjNWE4ZTIxOTBlNWMyNDdkZWEzMiJ9fX0\u003d","skullowner":"d4c559ed-72c4-43bc-a775-a19cd470824a"},{"name":"Romania","value":"eyJ0ZXh0dXJlcyI6eyJTS0lOIjp7InVybCI6Imh0dHA6Ly90ZXh0dXJlcy5taW5lY3JhZnQubmV0L3RleHR1cmUvODRkMzgwYWE5ZDY2YTJhOTY2ZWIxY2ZjMTc2MDhmMjhmYmZlM2E3NWY2YTE4YThiZTU0NDY4MjU4NmM0MWM0In19fQ\u003d\u003d","skullowner":"f07c2092-7bc1-47a2-9bf6-208d5574b00a"},{"name":"Germany","value":"eyJ0ZXh0dXJlcyI6eyJTS0lOIjp7InVybCI6Imh0dHA6Ly90ZXh0dXJlcy5taW5lY3JhZnQubmV0L3RleHR1cmUvNWU3ODk5YjQ4MDY4NTg2OTdlMjgzZjA4NGQ5MTczZmU0ODc4ODY0NTM3NzQ2MjZiMjRiZDhjZmVjYzc3YjNmIn19fQ\u003d\u003d","skullowner":"be211c23-d8aa-4119-bd0d-7f50fd115d9f"},{"name":"Singapore","value":"eyJ0ZXh0dXJlcyI6eyJTS0lOIjp7InVybCI6Imh0dHA6Ly90ZXh0dXJlcy5taW5lY3JhZnQubmV0L3RleHR1cmUvOGI1ZWQxMWY3OTdmM2ZjNjFlYWY4ZGFmYjZiZjMyMzRkMzFiOTZhYjc1OTZiZDJkZjcyMmQyZWYzNDczYzI3In19fQ\u003d\u003d","skullowner":"571aa975-8b65-4e35-a88a-7772eea50960"},{"name":"North Korea","value":"eyJ0ZXh0dXJlcyI6eyJTS0lOIjp7InVybCI6Imh0dHA6Ly90ZXh0dXJlcy5taW5lY3JhZnQubmV0L3RleHR1cmUvMTk2OWQxMjY2MmZhZWJmYWNhNmY0YjA0NDJmY2IyNTFmZDYwYjYxYTlmY2RjZWVhMmJkYzIxZTAyNWViMjEifX19","skullowner":"cc50d132-6f5f-4305-b1c6-d7fefd737101"},{"name":"France","value":"eyJ0ZXh0dXJlcyI6eyJTS0lOIjp7InVybCI6Imh0dHA6Ly90ZXh0dXJlcy5taW5lY3JhZnQubmV0L3RleHR1cmUvYmEyNTI4N2QxMTQwZmIxNzQxZDRiNmY3ZTY1NjcyZjllNjRmZmZlODBlYTczNzFjN2YzZWM1YTZmMDQwMzkifX19","skullowner":"4fe86bcb-fe6b-434e-a59f-ed60930991ab"},{"name":"Crown","value":"eyJ0ZXh0dXJlcyI6eyJTS0lOIjp7InVybCI6Imh0dHA6Ly90ZXh0dXJlcy5taW5lY3JhZnQubmV0L3RleHR1cmUvYzJiYWYwYzU4OWE2YjU4MzUxMWQ4M2MyNjgyNDA4NDJkMzM2NDc3NGVjOWY1NjZkMWZkNGQzNDljZjQyZmIifX19","skullowner":"35445ad8-2d16-4bb6-a15b-e356de352a16"},{"name":"Emerald Steve Head","value":"eyJ0ZXh0dXJlcyI6eyJTS0lOIjp7InVybCI6Imh0dHA6Ly90ZXh0dXJlcy5taW5lY3JhZnQubmV0L3RleHR1cmUvYjViNjU2ZGE2NjZkMjc1OWU4MTk1NjQyMTQyZTExOWU2NTg1ODUyYzY2MTllMmFkNzlhZTJhZDE4MTQ2NSJ9fX0\u003d","skullowner":"402b5ce0-6d9c-48ff-ad75-a8dc79bb9705"}]