[{"name":"Blaze","value":"eyJ0ZXh0dXJlcyI6eyJTS0lOIjp7InVybCI6Imh0dHA6Ly90ZXh0dXJlcy5taW5lY3JhZnQubmV0L3RleHR1cmUvYjc4ZWYyZTRjZjJjNDFhMmQxNGJmZGU5Y2FmZjEwMjE5ZjViMWJmNWIzNWE0OWViNTFjNjQ2Nzg4MmNiNWYwIn19fQ\u003d\u003d","skullowner":"7ceb88b2-7f5f-4399-abb9-7068251baa9d"},{"name":"Cave Spider","value":"eyJ0ZXh0dXJlcyI6eyJTS0lOIjp7InVybCI6Imh0dHA6Ly90ZXh0dXJlcy5taW5lY3JhZnQubmV0L3RleHR1cmUvNDE2NDVkZmQ3N2QwOTkyMzEwN2IzNDk2ZTk0ZWViNWMzMDMyOWY5N2VmYzk2ZWQ3NmUyMjZlOTgyMjQifX19","skullowner":"39173a7a-c957-4ec1-ac1a-43e5a64983df"},{"name":"Ghast","value":"eyJ0ZXh0dXJlcyI6eyJTS0lOIjp7InVybCI6Imh0dHA6Ly90ZXh0dXJlcy5taW5lY3JhZnQubmV0L3RleHR1cmUvOGI2YTcyMTM4ZDY5ZmJiZDJmZWEzZmEyNTFjYWJkODcxNTJlNGYxYzk3ZTVmOTg2YmY2ODU1NzFkYjNjYzAifX19","skullowner":"807f287f-6499-4e93-a887-0a298ab3091f"},{"name":"Pigzombie","value":"eyJ0ZXh0dXJlcyI6eyJTS0lOIjp7InVybCI6Imh0dHA6Ly90ZXh0dXJlcy5taW5lY3JhZnQubmV0L3RleHR1cmUvNzRlOWM2ZTk4NTgyZmZkOGZmOGZlYjMzMjJjZDE4NDljNDNmYjE2YjE1OGFiYjExY2E3YjQyZWRhNzc0M2ViIn19fQ\u003d\u003d","skullowner":"6540c046-d6ea-4aff-9766-32a54ebe6958"},{"name":"Enderman","value":"eyJ0ZXh0dXJlcyI6eyJTS0lOIjp7InVybCI6Imh0dHA6Ly90ZXh0dXJlcy5taW5lY3JhZnQubmV0L3RleHR1cmUvN2E1OWJiMGE3YTMyOTY1YjNkOTBkOGVhZmE4OTlkMTgzNWY0MjQ1MDllYWRkNGU2YjcwOWFkYTUwYjljZiJ9fX0\u003d","skullowner":"0de98464-1274-4dd6-bba8-370efa5d41a8"},{"name":"Lava Slime","value":"eyJ0ZXh0dXJlcyI6eyJTS0lOIjp7InVybCI6Imh0dHA6Ly90ZXh0dXJlcy5taW5lY3JhZnQubmV0L3RleHR1cmUvMzg5NTdkNTAyM2M5MzdjNGM0MWFhMjQxMmQ0MzQxMGJkYTIzY2Y3OWE5ZjZhYjM2Yjc2ZmVmMmQ3YzQyOSJ9fX0\u003d","skullowner":"96aced64-5b85-4b99-b825-53cd7a9f9726"},{"name":"Slime","value":"eyJ0ZXh0dXJlcyI6eyJTS0lOIjp7InVybCI6Imh0dHA6Ly90ZXh0dXJlcy5taW5lY3JhZnQubmV0L3RleHR1cmUvMTZhZDIwZmMyZDU3OWJlMjUwZDNkYjY1OWM4MzJkYTJiNDc4YTczYTY5OGI3ZWExMGQxOGM5MTYyZTRkOWI1In19fQ\u003d\u003d","skullowner":"9aca565d-105c-4e8c-81fc-740545cb74b2"},{"name":"Spider","value":"eyJ0ZXh0dXJlcyI6eyJTS0lOIjp7InVybCI6Imh0dHA6Ly90ZXh0dXJlcy5taW5lY3JhZnQubmV0L3RleHR1cmUvY2Q1NDE1NDFkYWFmZjUwODk2Y2QyNThiZGJkZDRjZjgwYzNiYTgxNjczNTcyNjA3OGJmZTM5MzkyN2U1N2YxIn19fQ\u003d\u003d","skullowner":"8bdb71d0-4724-48b2-9344-e79480424798"},{"name":"Chicken","value":"eyJ0ZXh0dXJlcyI6eyJTS0lOIjp7InVybCI6Imh0dHA6Ly90ZXh0dXJlcy5taW5lY3JhZnQubmV0L3RleHR1cmUvMTYzODQ2OWE1OTljZWVmNzIwNzUzNzYwMzI0OGE5YWIxMWZmNTkxZmQzNzhiZWE0NzM1YjM0NmE3ZmFlODkzIn19fQ\u003d\u003d","skullowner":"7d3a8ace-e045-4eba-ab71-71dbf525daf1"},{"name":"Pig","value":"eyJ0ZXh0dXJlcyI6eyJTS0lOIjp7InVybCI6Imh0dHA6Ly90ZXh0dXJlcy5taW5lY3JhZnQubmV0L3RleHR1cmUvNjIxNjY4ZWY3Y2I3OWRkOWMyMmNlM2QxZjNmNGNiNmUyNTU5ODkzYjZkZjRhNDY5NTE0ZTY2N2MxNmFhNCJ9fX0\u003d","skullowner":"e1e1c2e4-1ed2-473d-bde2-3ec718535399"},{"name":"Sheep","value":"eyJ0ZXh0dXJlcyI6eyJTS0lOIjp7InVybCI6Imh0dHA6Ly90ZXh0dXJlcy5taW5lY3JhZnQubmV0L3RleHR1cmUvZjMxZjljY2M2YjNlMzJlY2YxM2I4YTExYWMyOWNkMzNkMThjOTVmYzczZGI4YTY2YzVkNjU3Y2NiOGJlNzAifX19","skullowner":"fa234925-9dbe-4b8f-a544-7c70fb6b6ac5"},{"name":"Cow","value":"eyJ0ZXh0dXJlcyI6eyJTS0lOIjp7InVybCI6Imh0dHA6Ly90ZXh0dXJlcy5taW5lY3JhZnQubmV0L3RleHR1cmUvNWQ2YzZlZGE5NDJmN2Y1ZjcxYzMxNjFjNzMwNmY0YWVkMzA3ZDgyODk1ZjlkMmIwN2FiNDUyNTcxOGVkYzUifX19","skullowner":"97ddf3b3-9dbe-4a3b-8a0f-1b19ddeac0bd"},{"name":"Squid","value":"eyJ0ZXh0dXJlcyI6eyJTS0lOIjp7InVybCI6Imh0dHA6Ly90ZXh0dXJlcy5taW5lY3JhZnQubmV0L3RleHR1cmUvMDE0MzNiZTI0MjM2NmFmMTI2ZGE0MzRiODczNWRmMWViNWIzY2IyY2VkZTM5MTQ1OTc0ZTljNDgzNjA3YmFjIn19fQ\u003d\u003d","skullowner":"f95d9504-ea2b-4b89-b2d0-d400654a7010"},{"name":"Villager","value":"eyJ0ZXh0dXJlcyI6eyJTS0lOIjp7InVybCI6Imh0dHA6Ly90ZXh0dXJlcy5taW5lY3JhZnQubmV0L3RleHR1cmUvODIyZDhlNzUxYzhmMmZkNGM4OTQyYzQ0YmRiMmY1Y2E0ZDhhZThlNTc1ZWQzZWIzNGMxOGE4NmU5M2IifX19","skullowner":"0a9e8efb-9191-4c81-80f5-e27ca5433156"},{"name":"Golem","value":"eyJ0ZXh0dXJlcyI6eyJTS0lOIjp7InVybCI6Imh0dHA6Ly90ZXh0dXJlcy5taW5lY3JhZnQubmV0L3RleHR1cmUvODkwOTFkNzllYTBmNTllZjdlZjk0ZDdiYmE2ZTVmMTdmMmY3ZDQ1NzJjNDRmOTBmNzZjNDgxOWE3MTQifX19","skullowner":"7cb6e9a5-994f-40d5-9bfc-4ba5d796d21e"},{"name":"Herobrine","value":"eyJ0ZXh0dXJlcyI6eyJTS0lOIjp7InVybCI6Imh0dHA6Ly90ZXh0dXJlcy5taW5lY3JhZnQubmV0L3RleHR1cmUvOThiN2NhM2M3ZDMxNGE2MWFiZWQ4ZmMxOGQ3OTdmYzMwYjZlZmM4NDQ1NDI1YzRlMjUwOTk3ZTUyZTZjYiJ9fX0\u003d","skullowner":"d0b15454-36fa-43e4-a247-f882bb9fe288"},{"name":"Mushroom Cow","value":"eyJ0ZXh0dXJlcyI6eyJTS0lOIjp7InVybCI6Imh0dHA6Ly90ZXh0dXJlcy5taW5lY3JhZnQubmV0L3RleHR1cmUvZDBiYzYxYjk3NTdhN2I4M2UwM2NkMjUwN2EyMTU3OTEzYzJjZjAxNmU3YzA5NmE0ZDZjZjFmZTFiOGRiIn19fQ\u003d\u003d","skullowner":"e206ac29-ae69-475b-909a-fb523d894336"},{"name":"Ocelot","value":"eyJ0ZXh0dXJlcyI6eyJTS0lOIjp7InVybCI6Imh0dHA6Ly90ZXh0dXJlcy5taW5lY3JhZnQubmV0L3RleHR1cmUvNTY1N2NkNWMyOTg5ZmY5NzU3MGZlYzRkZGNkYzY5MjZhNjhhMzM5MzI1MGMxYmUxZjBiMTE0YTFkYjEifX19","skullowner":"664dd492-3fcd-443b-9e61-4c7ebd9e4e10"},{"name":"Horse Head","value":"eyJ0ZXh0dXJlcyI6eyJTS0lOIjp7InVybCI6Imh0dHA6Ly90ZXh0dXJlcy5taW5lY3JhZnQubmV0L3RleHR1cmUvNjE5MDI4OTgzMDg3MzBjNDc0NzI5OWNiNWE1ZGE5YzI1ODM4YjFkMDU5ZmU0NmZjMzY4OTZmZWU2NjI3MjkifX19","skullowner":"39023647-b293-4555-8b0f-b55157417a1a"},{"name":"Guardian","value":"eyJ0ZXh0dXJlcyI6eyJTS0lOIjp7InVybCI6Imh0dHA6Ly90ZXh0dXJlcy5taW5lY3JhZnQubmV0L3RleHR1cmUvOTMyYzI0NTI0YzgyYWIzYjNlNTdjMjA1MmM1MzNmMTNkZDhjMGJlYjhiZGQwNjM2OWJiMjU1NGRhODZjMTIzIn19fQ\u003d\u003d","skullowner":"2e9c0a67-92b3-4949-9be1-faf12318ee88"},{"name":"Monkey","value":"eyJ0ZXh0dXJlcyI6eyJTS0lOIjp7InVybCI6Imh0dHA6Ly90ZXh0dXJlcy5taW5lY3JhZnQubmV0L3RleHR1cmUvMzQyOWNhOWM2YTJlOGJiMTYyNzU3ZjU0M2FkYjYyZWY1OGY2NjVkNGUwZGZjY2U1ZGFmNThkMjhmZDlkZmIifX19","skullowner":"bf766742-b48b-4235-8fae-f608dc49a761"},{"name":"Polar Bear","value":"eyJ0ZXh0dXJlcyI6eyJTS0lOIjp7InVybCI6Imh0dHA6Ly90ZXh0dXJlcy5taW5lY3JhZnQubmV0L3RleHR1cmUvZDQ2ZDIzZjA0ODQ2MzY5ZmEyYTM3MDJjMTBmNzU5MTAxYWY3YmZlODQxOTk2NjQyOTUzM2NkODFhMTFkMmIifX19","skullowner":"87324464-1700-468f-8333-e7779ec8c21e"},{"name":"Penguin","value":"eyJ0ZXh0dXJlcyI6eyJTS0lOIjp7InVybCI6Imh0dHA6Ly90ZXh0dXJlcy5taW5lY3JhZnQubmV0L3RleHR1cmUvZDNjNTdmYWNiYjNhNGRiN2ZkNTViNWMwZGM3ZDE5YzE5Y2IwODEzYzc0OGNjYzk3MTBjNzE0NzI3NTUxZjViOSJ9fX0\u003d","skullowner":"53c01f77-c4bd-458e-8fd8-70f7bb33dd5c"},{"name":"Walrus","value":"eyJ0ZXh0dXJlcyI6eyJTS0lOIjp7InVybCI6Imh0dHA6Ly90ZXh0dXJlcy5taW5lY3JhZnQubmV0L3RleHR1cmUvZDdiYWVkYWY5YWQ5NTQ3NGViMWJlNTg5MjQ0NDVkZmM3N2JiZGMyNTJjYzFjODE2NDRjZjcxNTRjNDQxIn19fQ\u003d\u003d","skullowner":"a185ff1a-f32e-47e0-be61-5a612f130f33"},{"name":"Tiger","value":"eyJ0ZXh0dXJlcyI6eyJTS0lOIjp7InVybCI6Imh0dHA6Ly90ZXh0dXJlcy5taW5lY3JhZnQubmV0L3RleHR1cmUvYjZiOTZiYmM4YWQ5YmFlMGUyNTRkMzVmZGZiMWRiNDhlODIyZWQ5N2NmNWY3MzlkM2U5NTQ1ZGQ2Y2UifX19","skullowner":"44f40896-48d1-42cb-bfb6-8edace2241b1"},{"name":"Panda","value":"eyJ0ZXh0dXJlcyI6eyJTS0lOIjp7InVybCI6Imh0dHA6Ly90ZXh0dXJlcy5taW5lY3JhZnQubmV0L3RleHR1cmUvZDE4OGM5ODBhYWNmYTk0Y2YzMzA4ODUxMmIxYjk1MTdiYTgyNmIxNTRkNGNhZmMyNjJhZmY2OTc3YmU4YSJ9fX0\u003d","skullowner":"00d08322-5eb2-44be-b9a2-7921a9d54f97"},{"name":"Cat","value":"eyJ0ZXh0dXJlcyI6eyJTS0lOIjp7InVybCI6Imh0dHA6Ly90ZXh0dXJlcy5taW5lY3JhZnQubmV0L3RleHR1cmUvNjVjOTVjMWYyYTUwYjM3ZDYxMjZmNzZlNDYxOGE0Y2M3OTI3OWE4Yzg0NDM3MjA1NGRjM2IyMmVhMWNlMjcifX19","skullowner":"feb547f7-43e0-4ec4-a437-f0d57b11f4bf"},{"name":"Angry Wolf","value":"eyJ0ZXh0dXJlcyI6eyJTS0lOIjp7InVybCI6Imh0dHA6Ly90ZXh0dXJlcy5taW5lY3JhZnQubmV0L3RleHR1cmUvZTk1Y2JiNGY3NWVhODc2MTdmMmY3MTNjNmQ0OWRhYzMyMDliYTFiZDRiOTM2OTY1NGIxNDU5ZWExNTMxNyJ9fX0\u003d","skullowner":"9a7c65fb-309f-4c1a-96a1-4522c197b7fe"},{"name":"Rabbit","value":"eyJ0ZXh0dXJlcyI6eyJTS0lOIjp7InVybCI6Imh0dHA6Ly90ZXh0dXJlcy5taW5lY3JhZnQubmV0L3RleHR1cmUvZGM3YTMxN2VjNWMxZWQ3Nzg4Zjg5ZTdmMWE2YWYzZDJlZWI5MmQxZTk4NzljMDUzNDNjNTdmOWQ4NjNkZTEzMCJ9fX0\u003d","skullowner":"15908cee-0f9c-45ca-bf9c-fad9b05edded"},{"name":"Koala","value":"eyJ0ZXh0dXJlcyI6eyJTS0lOIjp7InVybCI6Imh0dHA6Ly90ZXh0dXJlcy5taW5lY3JhZnQubmV0L3RleHR1cmUvY2EzNWViMTBiOTRlODg4NDI3ZmIyM2M3ODMwODI2NThjZWI4MWYzY2Y1ZDBhYWQyNWQ3ZDQxYTE5NGIyNiJ9fX0\u003d","skullowner":"10100199-d136-490d-9139-6ee644c219c9"},{"name":"Chinese Dragon","value":"eyJ0ZXh0dXJlcyI6eyJTS0lOIjp7InVybCI6Imh0dHA6Ly90ZXh0dXJlcy5taW5lY3JhZnQubmV0L3RleHR1cmUvOTE2NDFkMDM4ZWIzODYyYjFlMDIyYzVlMDU4OGQ5NjM2NmRhMWM5NDRlZTVlNmVlMTNlMGY1ZGQ3YjQyN2IifX19","skullowner":"d59d6bbe-4182-496e-95b0-bcd78c9dd084"},{"name":"Villager head","value":"eyJ0ZXh0dXJlcyI6eyJTS0lOIjp7InVybCI6Imh0dHA6Ly90ZXh0dXJlcy5taW5lY3JhZnQubmV0L3RleHR1cmUvYzdlNTc1Y2ZmMTEwMTRhNWFjYWRmMzNlZTQ4ODU2OGNjODllNDMxOTM1MTFjYTc0ZWZjODNlZWJiNzZmNCJ9fX0\u003d","skullowner":"8b4c32c4-1280-444d-8e76-587ad9538baf"},{"name":"Pufferfish","value":"eyJ0ZXh0dXJlcyI6eyJTS0lOIjp7InVybCI6Imh0dHA6Ly90ZXh0dXJlcy5taW5lY3JhZnQubmV0L3RleHR1cmUvYTk1NTkzODg5OTNmZTc4MmY2N2JkNThkOThjNGRmNTZiY2Q0MzBlZGNiMmY2NmVmNTc3N2E3M2MyN2RlMyJ9fX0\u003d","skullowner":"b4630012-0e65-4a3d-bfd6-5024b782ab69"},{"name":"Wither Boss","value":"eyJ0ZXh0dXJlcyI6eyJTS0lOIjp7InVybCI6Imh0dHA6Ly90ZXh0dXJlcy5taW5lY3JhZnQubmV0L3RleHR1cmUvY2RmNzRlMzIzZWQ0MTQzNjk2NWY1YzU3ZGRmMjgxNWQ1MzMyZmU5OTllNjhmYmI5ZDZjZjVjOGJkNDEzOWYifX19","skullowner":"119c371b-ea16-47c9-ad7f-23b3d894520a"},{"name":"Snowhead","value":"eyJ0ZXh0dXJlcyI6eyJTS0lOIjp7InVybCI6Imh0dHA6Ly90ZXh0dXJlcy5taW5lY3JhZnQubmV0L3RleHR1cmUvMWZkZmQxZjc1MzhjMDQwMjU4YmU3YTkxNDQ2ZGE4OWVkODQ1Y2M1ZWY3MjhlYjVlNjkwNTQzMzc4ZmNmNCJ9fX0\u003d","skullowner":"673db4c6-b7ea-421e-ae35-d7ab65e8b35e"},{"name":"Snowhead","value":"eyJ0ZXh0dXJlcyI6eyJTS0lOIjp7InVybCI6Imh0dHA6Ly90ZXh0dXJlcy5taW5lY3JhZnQubmV0L3RleHR1cmUvYTUyOGRmMTY1Mzk2MmU0ZTk5NWRmZDA2NGE3MmIyY2JmZjliNzE5NzkxMjg4MDE0M2Y5NDFhMzdkYjQ2YyJ9fX0\u003d","skullowner":"0b5c7a8a-45bd-4054-8816-80291ac3316c"},{"name":"Clownfish","value":"eyJ0ZXh0dXJlcyI6eyJTS0lOIjp7InVybCI6Imh0dHA6Ly90ZXh0dXJlcy5taW5lY3JhZnQubmV0L3RleHR1cmUvMzZkMTQ5ZTRkNDk5OTI5NjcyZTI3Njg5NDllNjQ3Nzk1OWMyMWU2NTI1NDYxM2IzMjdiNTM4ZGYxZTRkZiJ9fX0\u003d","skullowner":"7b314fba-09ab-4ab6-b956-cec6a5fcbed5"},{"name":"Bird","value":"eyJ0ZXh0dXJlcyI6eyJTS0lOIjp7InVybCI6Imh0dHA6Ly90ZXh0dXJlcy5taW5lY3JhZnQubmV0L3RleHR1cmUvYjk2MjczNzBmZWRiZDBiYWU3YmFlNmQ2Zjg1ODM1NTU3NjM3ODljMWJkOTNmYTYzOWNmYTNkZmQ0OGUzNDg1MCJ9fX0\u003d","skullowner":"db5caefc-65bd-484b-b1ff-24ccc48f66ae"},{"name":"Bee","value":"eyJ0ZXh0dXJlcyI6eyJTS0lOIjp7InVybCI6Imh0dHA6Ly90ZXh0dXJlcy5taW5lY3JhZnQubmV0L3RleHR1cmUvOTQ3MzIyZjgzMWUzYzE2OGNmYmQzZTI4ZmU5MjUxNDRiMjYxZTc5ZWIzOWM3NzEzNDlmYWM1NWE4MTI2NDczIn19fQ\u003d\u003d","skullowner":"bc1ca880-4dc5-4d17-9c05-027a7d3999b3"},{"name":"Enderdragon","value":"eyJ0ZXh0dXJlcyI6eyJTS0lOIjp7InVybCI6Imh0dHA6Ly90ZXh0dXJlcy5taW5lY3JhZnQubmV0L3RleHR1cmUvNzRlY2MwNDA3ODVlNTQ2NjNlODU1ZWYwNDg2ZGE3MjE1NGQ2OWJiNGI3NDI0YjczODFjY2Y5NWIwOTVhIn19fQ\u003d\u003d","skullowner":"433562fa-9e23-443e-93b0-d67228435e77"},{"name":"Hermit Crab","value":"eyJ0ZXh0dXJlcyI6eyJTS0lOIjp7InVybCI6Imh0dHA6Ly90ZXh0dXJlcy5taW5lY3JhZnQubmV0L3RleHR1cmUvMTg1ZTY4MzRhNGJmMjZhNjUyNmY3Y2FjNGY2ZWFhOWY3ZmE3N2RiOGMxNDM1M2E4MTU4MmI1ZjY5OSJ9fX0\u003d","skullowner":"bc192f9d-fb89-4f75-ae7c-da701d3f7ea7"},{"name":"Regular Fish","value":"eyJ0ZXh0dXJlcyI6eyJTS0lOIjp7InVybCI6Imh0dHA6Ly90ZXh0dXJlcy5taW5lY3JhZnQubmV0L3RleHR1cmUvNmY5OWI1ODBkNDVhNzg0ZTdhOTY0ZTdkM2IxZjk3Y2VjZTc0OTExMTczYmQyMWMxZDdjNTZhY2RjMzg1ZWQ1In19fQ\u003d\u003d","skullowner":"8f718637-6901-4301-bd98-ebde0cc19ed8"},{"name":"Salmon Fish","value":"eyJ0ZXh0dXJlcyI6eyJTS0lOIjp7InVybCI6Imh0dHA6Ly90ZXh0dXJlcy5taW5lY3JhZnQubmV0L3RleHR1cmUvYWRmYzU3ZDA5MDU5ZTQ3OTlmYTkyYzE1ZTI4NTEyYmNmYWExMzE1NTc3ZmUzYTI3YWVkMzg5ZTRmNzUyMjg5YSJ9fX0\u003d","skullowner":"e246c06c-5d6a-4fd9-b600-c6bd71336b7a"},{"name":"Tortoise","value":"eyJ0ZXh0dXJlcyI6eyJTS0lOIjp7InVybCI6Imh0dHA6Ly90ZXh0dXJlcy5taW5lY3JhZnQubmV0L3RleHR1cmUvMTJlNTQ4NDA4YWI3NWQ3ZGY4ZTZkNWQyNDQ2ZDkwYjZlYzYyYWE0ZjdmZWI3OTMwZDFlZTcxZWVmZGRmNjE4OSJ9fX0\u003d","skullowner":"ef56c7a3-a5e7-4a7f-9786-a4b6273a591d"},{"name":"Seagull","value":"eyJ0ZXh0dXJlcyI6eyJTS0lOIjp7InVybCI6Imh0dHA6Ly90ZXh0dXJlcy5taW5lY3JhZnQubmV0L3RleHR1cmUvYzNiZGU0MzExMWY2OWE3ZmRhNmVjNmZhZjIyNjNjODI3OTYxZjM5MGQ3YzYxNjNlZDEyMzEwMzVkMWIwYjkifX19","skullowner":"14f316ce-9442-4884-8e43-5057451f104e"},{"name":"Ferret","value":"eyJ0ZXh0dXJlcyI6eyJTS0lOIjp7InVybCI6Imh0dHA6Ly90ZXh0dXJlcy5taW5lY3JhZnQubmV0L3RleHR1cmUvMjM2ZWRmN2RlOWFkY2E3MjMwOGE5NGQxYzM4YzM1OGFjYzgyOTE4ZmU4ZmNlZDI1ZDQ3NDgyMGY0Y2I3ODQifX19","skullowner":"a6102422-04ff-4bad-a4a0-01000ea262bf"},{"name":"Elephant","value":"eyJ0ZXh0dXJlcyI6eyJTS0lOIjp7InVybCI6Imh0dHA6Ly90ZXh0dXJlcy5taW5lY3JhZnQubmV0L3RleHR1cmUvNzA3MWE3NmY2NjlkYjVlZDZkMzJiNDhiYjJkYmE1NWQ1MzE3ZDdmNDUyMjVjYjMyNjdlYzQzNWNmYTUxNCJ9fX0\u003d","skullowner":"9a58e25a-cf47-447d-b13c-3ea36eccfa31"},{"name":"Furby","value":"eyJ0ZXh0dXJlcyI6eyJTS0lOIjp7InVybCI6Imh0dHA6Ly90ZXh0dXJlcy5taW5lY3JhZnQubmV0L3RleHR1cmUvN2JmZjUyNzU2Mjg4OWUxNmE1NDRmMmY5OTZmYmEzZDk1NDFkMGFhY2Y4MTQ2MmJmZmM5ZmI1Y2FkOGFlZGQ1In19fQ\u003d\u003d","skullowner":"742b729b-a919-4bc8-948d-fa2afdbc7067"}]