[{"name":"Weiss Schnee","value":"eyJ0ZXh0dXJlcyI6eyJTS0lOIjp7InVybCI6Imh0dHA6Ly90ZXh0dXJlcy5taW5lY3JhZnQubmV0L3RleHR1cmUvYjU3YmZmMTZkNTRlODVhNzE3Mjc4YzdjY2U3NzNkNmVhZDJhMDY1ODc2YTdjZWI0ZWJhNWFhZmJlMTEifX19","skullowner":"8690dabe-1437-43e9-84a3-4089ba787780"},{"name":"Blake Bellacour","value":"eyJ0ZXh0dXJlcyI6eyJTS0lOIjp7InVybCI6Imh0dHA6Ly90ZXh0dXJlcy5taW5lY3JhZnQubmV0L3RleHR1cmUvNTY2YTY1NTNiMTAxZTFmNjc1MzE0MTNmNDdmZjcxOTQ5MjJlMDZlMWZmMjVjN2MxNDkyNjFkM2E2YWNkNjkxIn19fQ\u003d\u003d","skullowner":"93489cfa-ddf7-4a0e-a005-b4735dc74ea3"},{"name":"Yang Xiao Long","value":"eyJ0ZXh0dXJlcyI6eyJTS0lOIjp7InVybCI6Imh0dHA6Ly90ZXh0dXJlcy5taW5lY3JhZnQubmV0L3RleHR1cmUvZWI3OTg4Njc3MDk1Y2FkMmUwZTY2NmQ0ZDZhMDczZTEyMDZmNmRiNTUzZTVkOTM4NWQ1OWM3MTI3MjljMzc1In19fQ\u003d\u003d","skullowner":"ab1c9f34-cfa6-4a87-abb2-cf9f6a605480"},{"name":"Ruby Rose RWBY","value":"eyJ0ZXh0dXJlcyI6eyJTS0lOIjp7InVybCI6Imh0dHA6Ly90ZXh0dXJlcy5taW5lY3JhZnQubmV0L3RleHR1cmUvNGEyZDUyOWZiYzJmNTRmZTdlZDM4MzYyNTg1MzgxYjVhM2QxMmQ2MWNiODZjMjA0OTgzNGRkNTJhMGIyNWIifX19","skullowner":"f48c7303-c98f-46b2-a965-35e7388bf198"}]