[{"name":"Minesweeper Flag Tile","value":"eyJ0ZXh0dXJlcyI6eyJTS0lOIjp7InVybCI6Imh0dHA6Ly90ZXh0dXJlcy5taW5lY3JhZnQubmV0L3RleHR1cmUvNzg0YTdmY2IyNDc0MDZlMzUzYTM2ZTU1NmFkMTk1NzhjM2ViZTRlMTU1ODFkYjEwNmQxNWE1Y2I5ZGFkIn19fQ\u003d\u003d","skullowner":"cce8d286-c327-4bdc-a2f4-8e6b75eed62a"},{"name":"Minesweeper Unknown Tile","value":"eyJ0ZXh0dXJlcyI6eyJTS0lOIjp7InVybCI6Imh0dHA6Ly90ZXh0dXJlcy5taW5lY3JhZnQubmV0L3RleHR1cmUvYzdmMWVhMjZlYTVlNjg1YjJmMmY4NzY0OTAxYmU5MTRmZTM1NTU5Y2IxZWNiMWVmMzRiN2U0NmFiYzhlZTU0MCJ9fX0\u003d","skullowner":"30deb948-c6d0-48c1-9899-e61f9a8257c0"},{"name":"Minesweeper 0 Tile","value":"eyJ0ZXh0dXJlcyI6eyJTS0lOIjp7InVybCI6Imh0dHA6Ly90ZXh0dXJlcy5taW5lY3JhZnQubmV0L3RleHR1cmUvNzRjMjg0YTRlOTc0MDA1ZWE4ZDFkNGQwNjc0ZWMwODk0ZWZkOGY2ZGQwMjQ4NjM5YTZjZmE5NGY4NTM4OCJ9fX0\u003d","skullowner":"9d756ab9-765c-41a5-8c8e-853203c5c274"},{"name":"Minesweeper 1 Tile","value":"eyJ0ZXh0dXJlcyI6eyJTS0lOIjp7InVybCI6Imh0dHA6Ly90ZXh0dXJlcy5taW5lY3JhZnQubmV0L3RleHR1cmUvNjdmYWM3MWUzNmQ1MGExYWQyZTJjMTBlMzJlMGM1OWVlZGVmYjBkMzU0NDZhOGZiNDg0ODEzOGZlMjZmYzkifX19","skullowner":"9b9255a2-6f65-48ee-a877-2000505047bd"},{"name":"Minesweeper 2 Tile","value":"eyJ0ZXh0dXJlcyI6eyJTS0lOIjp7InVybCI6Imh0dHA6Ly90ZXh0dXJlcy5taW5lY3JhZnQubmV0L3RleHR1cmUvYjQ5Njg5NTViZDk0ODcwODA0MWUxMmIxNjRhZGZjZGI0NjM5OWMyZDM4MTA1OWVkNzFjZTc0YWUyNGY4ZGYifX19","skullowner":"30beeb33-cd7b-4b26-bbf6-24225741cf33"},{"name":"Minesweeper 3 Tile","value":"eyJ0ZXh0dXJlcyI6eyJTS0lOIjp7InVybCI6Imh0dHA6Ly90ZXh0dXJlcy5taW5lY3JhZnQubmV0L3RleHR1cmUvMWY2NzhjZmNjNGVlYjI1OWQ4ZTU3YjI2ZjRmNmEzNWE3NmQ3NDM3MDQzYmU2YzIzYWU4NTVjNDdjOGEyZTkifX19","skullowner":"98b890ff-fa7e-4fd0-a27b-99e6883a6219"},{"name":"Minesweeper 4 Tile","value":"eyJ0ZXh0dXJlcyI6eyJTS0lOIjp7InVybCI6Imh0dHA6Ly90ZXh0dXJlcy5taW5lY3JhZnQubmV0L3RleHR1cmUvYmI2OTcxYWJiMThiY2E5ZmFmYWFkOWVkNWExNTk2MTMyYmVjY2ZmYjg4YTMxYzgyOTMyMGM4NjdlZTQ3NyJ9fX0\u003d","skullowner":"aa109b98-76c2-4336-b50e-cbce1bb8e45f"},{"name":"Minesweeper 5 Tile","value":"eyJ0ZXh0dXJlcyI6eyJTS0lOIjp7InVybCI6Imh0dHA6Ly90ZXh0dXJlcy5taW5lY3JhZnQubmV0L3RleHR1cmUvYzYyMDZlNDc2MTRjOGY5ODM0MTNkZWUzMzJmMmYzMmU4ZGEzN2ZhNTdjNGNlYmExZDE0YjE2NDNiMjU5NTcifX19","skullowner":"50970266-12e0-4b36-aa2c-6093027fcdb3"},{"name":"Minesweeper 6 Tile","value":"eyJ0ZXh0dXJlcyI6eyJTS0lOIjp7InVybCI6Imh0dHA6Ly90ZXh0dXJlcy5taW5lY3JhZnQubmV0L3RleHR1cmUvNjZmOTdlNTYzZDg1ZGM0ZDczODcxZDRjZGZjYzI2ZDhjZDQ0ZTg5ZmFmYjE1MDRjOGQ5YTJhYzVhNTZjIn19fQ\u003d\u003d","skullowner":"a8a879cd-174e-40bd-9699-117c498e245f"},{"name":"Minesweeper 7 Tile","value":"eyJ0ZXh0dXJlcyI6eyJTS0lOIjp7InVybCI6Imh0dHA6Ly90ZXh0dXJlcy5taW5lY3JhZnQubmV0L3RleHR1cmUvODdlZjYxODVhZGQ0MTk3MzU3OTNjOGMyYTg0N2Q5YzRlMzkxYTJjNWI5YjJlYzI2MmNlYTk1NTc1YjBkMCJ9fX0\u003d","skullowner":"9538924b-fa99-4f9b-8663-911a6c784501"},{"name":"Minesweeper 8 Tile","value":"eyJ0ZXh0dXJlcyI6eyJTS0lOIjp7InVybCI6Imh0dHA6Ly90ZXh0dXJlcy5taW5lY3JhZnQubmV0L3RleHR1cmUvODI3MWNkZDM4ZThhN2M3NDIzMWFmOGExNTU2MThmNGZmY2I3ZjkxN2U4ODI2YzJiM2MxODM2ZDFiZDExNmQzIn19fQ\u003d\u003d","skullowner":"ef74d8b9-065c-4d04-ac75-c813ae48a845"},{"name":"TNT [1.8]","value":"eyJ0ZXh0dXJlcyI6eyJTS0lOIjp7InVybCI6Imh0dHA6Ly90ZXh0dXJlcy5taW5lY3JhZnQubmV0L3RleHR1cmUvM2FmNTk3NzZmMmYwMzQxMmM3YjU5NDdhNjNhMGNmMjgzZDUxZmU2NWFjNmRmN2YyZjg4MmUwODM0NDU2NWU5In19fQ\u003d\u003d","skullowner":"3d80d659-36cd-4aee-8540-8cdb548ede75"}]